,Unnamed: 0,city,country,date.utc,location,parameter,value,unit
0,0,Paris,FR,2019-06-21 00:00:00+00:00,FR04014,no2,20.0,µg/m³
1,1,Paris,FR,2019-06-20 23:00:00+00:00,FR04014,no2,21.8,µg/m³
2,2,Paris,FR,2019-06-20 22:00:00+00:00,FR04014,no2,26.5,µg/m³
3,3,Paris,FR,2019-06-20 21:00:00+00:00,FR04014,no2,24.9,µg/m³
4,4,Paris,FR,2019-06-20 20:00:00+00:00,FR04014,no2,21.4,µg/m³
5,5,Paris,FR,2019-06-20 19:00:00+00:00,FR04014,no2,25.3,µg/m³
6,6,Paris,FR,2019-06-20 18:00:00+00:00,FR04014,no2,23.9,µg/m³
7,7,Paris,FR,2019-06-20 17:00:00+00:00,FR04014,no2,23.2,µg/m³
8,8,Paris,FR,2019-06-20 16:00:00+00:00,FR04014,no2,19.0,µg/m³
9,9,Paris,FR,2019-06-20 15:00:00+00:00,FR04014,no2,19.3,µg/m³
10,10,Paris,FR,2019-06-20 14:00:00+00:00,FR04014,no2,20.1,µg/m³
11,11,Paris,FR,2019-06-20 13:00:00+00:00,FR04014,no2,19.4,µg/m³
12,12,Paris,FR,2019-06-19 10:00:00+00:00,FR04014,no2,26.6,µg/m³
13,13,Paris,FR,2019-06-19 09:00:00+00:00,FR04014,no2,27.3,µg/m³
14,14,Paris,FR,2019-06-18 22:00:00+00:00,FR04014,no2,39.3,µg/m³
15,15,Paris,FR,2019-06-18 21:00:00+00:00,FR04014,no2,23.1,µg/m³
16,16,Paris,FR,2019-06-18 20:00:00+00:00,FR04014,no2,17.0,µg/m³
17,17,Paris,FR,2019-06-18 19:00:00+00:00,FR04014,no2,15.3,µg/m³
18,18,Paris,FR,2019-06-18 08:00:00+00:00,FR04014,no2,49.6,µg/m³
19,19,Paris,FR,2019-06-18 07:00:00+00:00,FR04014,no2,52.6,µg/m³
20,20,Paris,FR,2019-06-18 06:00:00+00:00,FR04014,no2,51.4,µg/m³
21,21,Paris,FR,2019-06-18 05:00:00+00:00,FR04014,no2,33.8,µg/m³
22,22,Paris,FR,2019-06-18 04:00:00+00:00,FR04014,no2,26.5,µg/m³
23,23,Paris,FR,2019-06-18 03:00:00+00:00,FR04014,no2,45.5,µg/m³
24,24,Paris,FR,2019-06-18 02:00:00+00:00,FR04014,no2,39.8,µg/m³
25,25,Paris,FR,2019-06-18 01:00:00+00:00,FR04014,no2,60.1,µg/m³
26,26,Paris,FR,2019-06-18 00:00:00+00:00,FR04014,no2,66.2,µg/m³
27,27,Paris,FR,2019-06-17 23:00:00+00:00,FR04014,no2,73.3,µg/m³
28,28,Paris,FR,2019-06-17 22:00:00+00:00,FR04014,no2,51.0,µg/m³
29,29,Paris,FR,2019-06-17 21:00:00+00:00,FR04014,no2,38.3,µg/m³
30,30,Paris,FR,2019-06-17 20:00:00+00:00,FR04014,no2,20.5,µg/m³
31,31,Paris,FR,2019-06-17 19:00:00+00:00,FR04014,no2,15.2,µg/m³
32,32,Paris,FR,2019-06-17 18:00:00+00:00,FR04014,no2,15.4,µg/m³
33,33,Paris,FR,2019-06-17 17:00:00+00:00,FR04014,no2,14.9,µg/m³
34,34,Paris,FR,2019-06-17 16:00:00+00:00,FR04014,no2,11.9,µg/m³
35,35,Paris,FR,2019-06-17 15:00:00+00:00,FR04014,no2,13.1,µg/m³
36,36,Paris,FR,2019-06-17 14:00:00+00:00,FR04014,no2,11.5,µg/m³
37,37,Paris,FR,2019-06-17 13:00:00+00:00,FR04014,no2,9.6,µg/m³
38,38,Paris,FR,2019-06-17 12:00:00+00:00,FR04014,no2,10.1,µg/m³
39,39,Paris,FR,2019-06-17 11:00:00+00:00,FR04014,no2,15.2,µg/m³
40,40,Paris,FR,2019-06-17 10:00:00+00:00,FR04014,no2,16.0,µg/m³
41,41,Paris,FR,2019-06-17 09:00:00+00:00,FR04014,no2,30.4,µg/m³
42,42,Paris,FR,2019-06-17 08:00:00+00:00,FR04014,no2,51.6,µg/m³
43,43,Paris,FR,2019-06-17 07:00:00+00:00,FR04014,no2,54.4,µg/m³
44,44,Paris,FR,2019-06-17 06:00:00+00:00,FR04014,no2,52.3,µg/m³
45,45,Paris,FR,2019-06-17 05:00:00+00:00,FR04014,no2,44.8,µg/m³
46,46,Paris,FR,2019-06-17 04:00:00+00:00,FR04014,no2,45.7,µg/m³
47,47,Paris,FR,2019-06-17 03:00:00+00:00,FR04014,no2,49.1,µg/m³
48,48,Paris,FR,2019-06-17 02:00:00+00:00,FR04014,no2,53.1,µg/m³
49,49,Paris,FR,2019-06-17 01:00:00+00:00,FR04014,no2,58.8,µg/m³
50,50,Paris,FR,2019-06-17 00:00:00+00:00,FR04014,no2,69.3,µg/m³
51,51,Paris,FR,2019-06-16 23:00:00+00:00,FR04014,no2,67.3,µg/m³
52,52,Paris,FR,2019-06-16 22:00:00+00:00,FR04014,no2,56.6,µg/m³
53,53,Paris,FR,2019-06-16 21:00:00+00:00,FR04014,no2,42.7,µg/m³
54,54,Paris,FR,2019-06-16 20:00:00+00:00,FR04014,no2,23.3,µg/m³
55,55,Paris,FR,2019-06-16 19:00:00+00:00,FR04014,no2,14.4,µg/m³
56,56,Paris,FR,2019-06-16 18:00:00+00:00,FR04014,no2,12.3,µg/m³
57,57,Paris,FR,2019-06-16 17:00:00+00:00,FR04014,no2,11.8,µg/m³
58,58,Paris,FR,2019-06-16 16:00:00+00:00,FR04014,no2,9.2,µg/m³
59,59,Paris,FR,2019-06-16 15:00:00+00:00,FR04014,no2,8.4,µg/m³
60,60,Paris,FR,2019-06-16 14:00:00+00:00,FR04014,no2,8.1,µg/m³
61,61,Paris,FR,2019-06-16 13:00:00+00:00,FR04014,no2,8.7,µg/m³
62,62,Paris,FR,2019-06-16 12:00:00+00:00,FR04014,no2,11.2,µg/m³
63,63,Paris,FR,2019-06-16 11:00:00+00:00,FR04014,no2,12.9,µg/m³
64,64,Paris,FR,2019-06-16 10:00:00+00:00,FR04014,no2,8.7,µg/m³
65,65,Paris,FR,2019-06-16 09:00:00+00:00,FR04014,no2,9.4,µg/m³
66,66,Paris,FR,2019-06-16 08:00:00+00:00,FR04014,no2,9.9,µg/m³
67,67,Paris,FR,2019-06-16 07:00:00+00:00,FR04014,no2,10.2,µg/m³
68,68,Paris,FR,2019-06-16 06:00:00+00:00,FR04014,no2,11.6,µg/m³
69,69,Paris,FR,2019-06-16 05:00:00+00:00,FR04014,no2,14.0,µg/m³
70,70,Paris,FR,2019-06-16 04:00:00+00:00,FR04014,no2,11.7,µg/m³
71,71,Paris,FR,2019-06-16 03:00:00+00:00,FR04014,no2,11.2,µg/m³
72,72,Paris,FR,2019-06-16 02:00:00+00:00,FR04014,no2,11.4,µg/m³
73,73,Paris,FR,2019-06-16 01:00:00+00:00,FR04014,no2,12.8,µg/m³
74,74,Paris,FR,2019-06-16 00:00:00+00:00,FR04014,no2,16.5,µg/m³
75,75,Paris,FR,2019-06-15 23:00:00+00:00,FR04014,no2,22.6,µg/m³
76,76,Paris,FR,2019-06-15 22:00:00+00:00,FR04014,no2,20.1,µg/m³
77,77,Paris,FR,2019-06-15 21:00:00+00:00,FR04014,no2,17.2,µg/m³
78,78,Paris,FR,2019-06-15 20:00:00+00:00,FR04014,no2,15.2,µg/m³
79,79,Paris,FR,2019-06-15 19:00:00+00:00,FR04014,no2,14.2,µg/m³
80,80,Paris,FR,2019-06-15 18:00:00+00:00,FR04014,no2,14.0,µg/m³
81,81,Paris,FR,2019-06-15 17:00:00+00:00,FR04014,no2,11.1,µg/m³
82,82,Paris,FR,2019-06-15 16:00:00+00:00,FR04014,no2,10.7,µg/m³
83,83,Paris,FR,2019-06-15 15:00:00+00:00,FR04014,no2,10.5,µg/m³
84,84,Paris,FR,2019-06-15 14:00:00+00:00,FR04014,no2,9.6,µg/m³
85,85,Paris,FR,2019-06-15 13:00:00+00:00,FR04014,no2,9.0,µg/m³
86,86,Paris,FR,2019-06-15 12:00:00+00:00,FR04014,no2,9.4,µg/m³
87,87,Paris,FR,2019-06-15 11:00:00+00:00,FR04014,no2,11.1,µg/m³
88,88,Paris,FR,2019-06-15 10:00:00+00:00,FR04014,no2,12.1,µg/m³
89,89,Paris,FR,2019-06-15 09:00:00+00:00,FR04014,no2,14.0,µg/m³
90,90,Paris,FR,2019-06-15 08:00:00+00:00,FR04014,no2,17.6,µg/m³
91,91,Paris,FR,2019-06-15 07:00:00+00:00,FR04014,no2,24.1,µg/m³
92,92,Paris,FR,2019-06-15 06:00:00+00:00,FR04014,no2,35.8,µg/m³
93,93,Paris,FR,2019-06-15 02:00:00+00:00,FR04014,no2,33.9,µg/m³
94,94,Paris,FR,2019-06-15 01:00:00+00:00,FR04014,no2,29.0,µg/m³
95,95,Paris,FR,2019-06-15 00:00:00+00:00,FR04014,no2,29.6,µg/m³
96,96,Paris,FR,2019-06-14 23:00:00+00:00,FR04014,no2,32.1,µg/m³
97,97,Paris,FR,2019-06-14 22:00:00+00:00,FR04014,no2,35.3,µg/m³
98,98,Paris,FR,2019-06-14 21:00:00+00:00,FR04014,no2,55.0,µg/m³
99,99,Paris,FR,2019-06-14 20:00:00+00:00,FR04014,no2,41.9,µg/m³
100,100,Paris,FR,2019-06-14 19:00:00+00:00,FR04014,no2,25.0,µg/m³
101,101,Paris,FR,2019-06-14 18:00:00+00:00,FR04014,no2,19.0,µg/m³
102,102,Paris,FR,2019-06-14 17:00:00+00:00,FR04014,no2,16.6,µg/m³
103,103,Paris,FR,2019-06-14 16:00:00+00:00,FR04014,no2,18.9,µg/m³
104,104,Paris,FR,2019-06-14 15:00:00+00:00,FR04014,no2,15.2,µg/m³
105,105,Paris,FR,2019-06-14 14:00:00+00:00,FR04014,no2,14.2,µg/m³
106,106,Paris,FR,2019-06-14 13:00:00+00:00,FR04014,no2,15.4,µg/m³
107,107,Paris,FR,2019-06-14 12:00:00+00:00,FR04014,no2,17.1,µg/m³
108,108,Paris,FR,2019-06-14 11:00:00+00:00,FR04014,no2,21.8,µg/m³
109,109,Paris,FR,2019-06-14 10:00:00+00:00,FR04014,no2,25.1,µg/m³
110,110,Paris,FR,2019-06-14 09:00:00+00:00,FR04014,no2,27.9,µg/m³
111,111,Paris,FR,2019-06-14 08:00:00+00:00,FR04014,no2,34.3,µg/m³
112,112,Paris,FR,2019-06-14 07:00:00+00:00,FR04014,no2,51.5,µg/m³
113,113,Paris,FR,2019-06-14 06:00:00+00:00,FR04014,no2,64.3,µg/m³
114,114,Paris,FR,2019-06-14 05:00:00+00:00,FR04014,no2,49.3,µg/m³
115,115,Paris,FR,2019-06-14 04:00:00+00:00,FR04014,no2,37.9,µg/m³
116,116,Paris,FR,2019-06-14 03:00:00+00:00,FR04014,no2,48.5,µg/m³
117,117,Paris,FR,2019-06-14 02:00:00+00:00,FR04014,no2,66.6,µg/m³
118,118,Paris,FR,2019-06-14 01:00:00+00:00,FR04014,no2,68.1,µg/m³
119,119,Paris,FR,2019-06-14 00:00:00+00:00,FR04014,no2,74.2,µg/m³
120,120,Paris,FR,2019-06-13 23:00:00+00:00,FR04014,no2,78.3,µg/m³
121,121,Paris,FR,2019-06-13 22:00:00+00:00,FR04014,no2,77.9,µg/m³
122,122,Paris,FR,2019-06-13 21:00:00+00:00,FR04014,no2,58.8,µg/m³
123,123,Paris,FR,2019-06-13 20:00:00+00:00,FR04014,no2,31.5,µg/m³
124,124,Paris,FR,2019-06-13 19:00:00+00:00,FR04014,no2,27.5,µg/m³
125,125,Paris,FR,2019-06-13 18:00:00+00:00,FR04014,no2,24.0,µg/m³
126,126,Paris,FR,2019-06-13 17:00:00+00:00,FR04014,no2,38.2,µg/m³
127,127,Paris,FR,2019-06-13 16:00:00+00:00,FR04014,no2,36.1,µg/m³
128,128,Paris,FR,2019-06-13 15:00:00+00:00,FR04014,no2,28.8,µg/m³
129,129,Paris,FR,2019-06-13 14:00:00+00:00,FR04014,no2,19.4,µg/m³
130,130,Paris,FR,2019-06-13 13:00:00+00:00,FR04014,no2,18.2,µg/m³
131,131,Paris,FR,2019-06-13 12:00:00+00:00,FR04014,no2,17.9,µg/m³
132,132,Paris,FR,2019-06-13 11:00:00+00:00,FR04014,no2,22.7,µg/m³
133,133,Paris,FR,2019-06-13 10:00:00+00:00,FR04014,no2,24.5,µg/m³
134,134,Paris,FR,2019-06-13 09:00:00+00:00,FR04014,no2,30.2,µg/m³
135,135,Paris,FR,2019-06-13 08:00:00+00:00,FR04014,no2,35.3,µg/m³
136,136,Paris,FR,2019-06-13 07:00:00+00:00,FR04014,no2,40.9,µg/m³
137,137,Paris,FR,2019-06-13 06:00:00+00:00,FR04014,no2,39.8,µg/m³
138,138,Paris,FR,2019-06-13 05:00:00+00:00,FR04014,no2,37.0,µg/m³
139,139,Paris,FR,2019-06-13 04:00:00+00:00,FR04014,no2,24.6,µg/m³
140,140,Paris,FR,2019-06-13 03:00:00+00:00,FR04014,no2,18.8,µg/m³
141,141,Paris,FR,2019-06-13 02:00:00+00:00,FR04014,no2,18.0,µg/m³
142,142,Paris,FR,2019-06-13 01:00:00+00:00,FR04014,no2,18.7,µg/m³
143,143,Paris,FR,2019-06-13 00:00:00+00:00,FR04014,no2,20.0,µg/m³
144,144,Paris,FR,2019-06-12 23:00:00+00:00,FR04014,no2,26.9,µg/m³
145,145,Paris,FR,2019-06-12 22:00:00+00:00,FR04014,no2,25.6,µg/m³
146,146,Paris,FR,2019-06-12 21:00:00+00:00,FR04014,no2,29.3,µg/m³
147,147,Paris,FR,2019-06-12 20:00:00+00:00,FR04014,no2,29.2,µg/m³
148,148,Paris,FR,2019-06-12 19:00:00+00:00,FR04014,no2,23.4,µg/m³
149,149,Paris,FR,2019-06-12 18:00:00+00:00,FR04014,no2,25.3,µg/m³
150,150,Paris,FR,2019-06-12 17:00:00+00:00,FR04014,no2,24.2,µg/m³
151,151,Paris,FR,2019-06-12 16:00:00+00:00,FR04014,no2,23.6,µg/m³
152,152,Paris,FR,2019-06-12 15:00:00+00:00,FR04014,no2,16.8,µg/m³
153,153,Paris,FR,2019-06-12 14:00:00+00:00,FR04014,no2,20.3,µg/m³
154,154,Paris,FR,2019-06-12 13:00:00+00:00,FR04014,no2,17.9,µg/m³
155,155,Paris,FR,2019-06-12 12:00:00+00:00,FR04014,no2,15.4,µg/m³
156,156,Paris,FR,2019-06-12 11:00:00+00:00,FR04014,no2,0.0,µg/m³
157,157,Paris,FR,2019-06-12 10:00:00+00:00,FR04014,no2,0.0,µg/m³
158,158,Paris,FR,2019-06-12 09:00:00+00:00,FR04014,no2,26.7,µg/m³
159,159,Paris,FR,2019-06-12 08:00:00+00:00,FR04014,no2,35.5,µg/m³
160,160,Paris,FR,2019-06-12 07:00:00+00:00,FR04014,no2,44.4,µg/m³
161,161,Paris,FR,2019-06-12 06:00:00+00:00,FR04014,no2,38.4,µg/m³
162,162,Paris,FR,2019-06-12 05:00:00+00:00,FR04014,no2,42.7,µg/m³
163,163,Paris,FR,2019-06-12 04:00:00+00:00,FR04014,no2,44.9,µg/m³
164,164,Paris,FR,2019-06-12 03:00:00+00:00,FR04014,no2,36.3,µg/m³
165,165,Paris,FR,2019-06-12 02:00:00+00:00,FR04014,no2,34.7,µg/m³
166,166,Paris,FR,2019-06-12 01:00:00+00:00,FR04014,no2,41.9,µg/m³
167,167,Paris,FR,2019-06-12 00:00:00+00:00,FR04014,no2,37.2,µg/m³
168,168,Paris,FR,2019-06-11 23:00:00+00:00,FR04014,no2,41.5,µg/m³
169,169,Paris,FR,2019-06-11 22:00:00+00:00,FR04014,no2,59.4,µg/m³
170,170,Paris,FR,2019-06-11 21:00:00+00:00,FR04014,no2,54.1,µg/m³
171,171,Paris,FR,2019-06-11 20:00:00+00:00,FR04014,no2,42.7,µg/m³
172,172,Paris,FR,2019-06-11 19:00:00+00:00,FR04014,no2,36.1,µg/m³
173,173,Paris,FR,2019-06-11 18:00:00+00:00,FR04014,no2,44.6,µg/m³
174,174,Paris,FR,2019-06-11 17:00:00+00:00,FR04014,no2,35.5,µg/m³
175,175,Paris,FR,2019-06-11 16:00:00+00:00,FR04014,no2,22.6,µg/m³
176,176,Paris,FR,2019-06-11 15:00:00+00:00,FR04014,no2,19.8,µg/m³
177,177,Paris,FR,2019-06-11 14:00:00+00:00,FR04014,no2,16.6,µg/m³
178,178,Paris,FR,2019-06-11 13:00:00+00:00,FR04014,no2,13.1,µg/m³
179,179,Paris,FR,2019-06-11 12:00:00+00:00,FR04014,no2,12.6,µg/m³
180,180,Paris,FR,2019-06-11 11:00:00+00:00,FR04014,no2,17.3,µg/m³
181,181,Paris,FR,2019-06-11 10:00:00+00:00,FR04014,no2,22.1,µg/m³
182,182,Paris,FR,2019-06-11 09:00:00+00:00,FR04014,no2,31.7,µg/m³
183,183,Paris,FR,2019-06-11 08:00:00+00:00,FR04014,no2,43.6,µg/m³
184,184,Paris,FR,2019-06-11 07:00:00+00:00,FR04014,no2,58.0,µg/m³
185,185,Paris,FR,2019-06-11 06:00:00+00:00,FR04014,no2,55.4,µg/m³
186,186,Paris,FR,2019-06-11 05:00:00+00:00,FR04014,no2,58.7,µg/m³
187,187,Paris,FR,2019-06-11 04:00:00+00:00,FR04014,no2,52.7,µg/m³
188,188,Paris,FR,2019-06-11 03:00:00+00:00,FR04014,no2,32.3,µg/m³
189,189,Paris,FR,2019-06-11 02:00:00+00:00,FR04014,no2,29.6,µg/m³
190,190,Paris,FR,2019-06-11 01:00:00+00:00,FR04014,no2,19.1,µg/m³
191,191,Paris,FR,2019-06-11 00:00:00+00:00,FR04014,no2,19.6,µg/m³
192,192,Paris,FR,2019-06-10 23:00:00+00:00,FR04014,no2,24.1,µg/m³
193,193,Paris,FR,2019-06-10 22:00:00+00:00,FR04014,no2,24.8,µg/m³
194,194,Paris,FR,2019-06-10 21:00:00+00:00,FR04014,no2,23.5,µg/m³
195,195,Paris,FR,2019-06-10 20:00:00+00:00,FR04014,no2,22.6,µg/m³
196,196,Paris,FR,2019-06-10 19:00:00+00:00,FR04014,no2,22.3,µg/m³
197,197,Paris,FR,2019-06-10 18:00:00+00:00,FR04014,no2,18.4,µg/m³
198,198,Paris,FR,2019-06-10 17:00:00+00:00,FR04014,no2,19.1,µg/m³
199,199,Paris,FR,2019-06-10 16:00:00+00:00,FR04014,no2,15.1,µg/m³
200,200,Paris,FR,2019-06-10 15:00:00+00:00,FR04014,no2,11.7,µg/m³
201,201,Paris,FR,2019-06-10 14:00:00+00:00,FR04014,no2,9.5,µg/m³
202,202,Paris,FR,2019-06-10 13:00:00+00:00,FR04014,no2,9.6,µg/m³
203,203,Paris,FR,2019-06-10 12:00:00+00:00,FR04014,no2,11.7,µg/m³
204,204,Paris,FR,2019-06-10 11:00:00+00:00,FR04014,no2,12.2,µg/m³
205,205,Paris,FR,2019-06-10 10:00:00+00:00,FR04014,no2,14.1,µg/m³
206,206,Paris,FR,2019-06-10 09:00:00+00:00,FR04014,no2,18.5,µg/m³
207,207,Paris,FR,2019-06-10 08:00:00+00:00,FR04014,no2,16.9,µg/m³
208,208,Paris,FR,2019-06-10 07:00:00+00:00,FR04014,no2,23.0,µg/m³
209,209,Paris,FR,2019-06-10 06:00:00+00:00,FR04014,no2,26.7,µg/m³
210,210,Paris,FR,2019-06-10 05:00:00+00:00,FR04014,no2,21.3,µg/m³
211,211,Paris,FR,2019-06-10 04:00:00+00:00,FR04014,no2,13.7,µg/m³
212,212,Paris,FR,2019-06-10 03:00:00+00:00,FR04014,no2,18.0,µg/m³
213,213,Paris,FR,2019-06-10 02:00:00+00:00,FR04014,no2,17.8,µg/m³
214,214,Paris,FR,2019-06-10 01:00:00+00:00,FR04014,no2,19.3,µg/m³
215,215,Paris,FR,2019-06-10 00:00:00+00:00,FR04014,no2,28.1,µg/m³
216,216,Paris,FR,2019-06-09 23:00:00+00:00,FR04014,no2,39.9,µg/m³
217,217,Paris,FR,2019-06-09 22:00:00+00:00,FR04014,no2,37.1,µg/m³
218,218,Paris,FR,2019-06-09 21:00:00+00:00,FR04014,no2,30.9,µg/m³
219,219,Paris,FR,2019-06-09 20:00:00+00:00,FR04014,no2,33.2,µg/m³
220,220,Paris,FR,2019-06-09 19:00:00+00:00,FR04014,no2,30.6,µg/m³
221,221,Paris,FR,2019-06-09 18:00:00+00:00,FR04014,no2,19.5,µg/m³
222,222,Paris,FR,2019-06-09 17:00:00+00:00,FR04014,no2,13.0,µg/m³
223,223,Paris,FR,2019-06-09 16:00:00+00:00,FR04014,no2,10.3,µg/m³
224,224,Paris,FR,2019-06-09 15:00:00+00:00,FR04014,no2,7.2,µg/m³
225,225,Paris,FR,2019-06-09 14:00:00+00:00,FR04014,no2,7.9,µg/m³
226,226,Paris,FR,2019-06-09 13:00:00+00:00,FR04014,no2,10.2,µg/m³
227,227,Paris,FR,2019-06-09 12:00:00+00:00,FR04014,no2,14.6,µg/m³
228,228,Paris,FR,2019-06-09 11:00:00+00:00,FR04014,no2,14.6,µg/m³
229,229,Paris,FR,2019-06-09 10:00:00+00:00,FR04014,no2,16.6,µg/m³
230,230,Paris,FR,2019-06-09 09:00:00+00:00,FR04014,no2,25.0,µg/m³
231,231,Paris,FR,2019-06-09 08:00:00+00:00,FR04014,no2,30.2,µg/m³
232,232,Paris,FR,2019-06-09 07:00:00+00:00,FR04014,no2,32.7,µg/m³
233,233,Paris,FR,2019-06-09 06:00:00+00:00,FR04014,no2,36.7,µg/m³
234,234,Paris,FR,2019-06-09 05:00:00+00:00,FR04014,no2,42.2,µg/m³
235,235,Paris,FR,2019-06-09 04:00:00+00:00,FR04014,no2,43.0,µg/m³
236,236,Paris,FR,2019-06-09 03:00:00+00:00,FR04014,no2,51.5,µg/m³
237,237,Paris,FR,2019-06-09 02:00:00+00:00,FR04014,no2,51.2,µg/m³
238,238,Paris,FR,2019-06-09 01:00:00+00:00,FR04014,no2,41.0,µg/m³
239,239,Paris,FR,2019-06-09 00:00:00+00:00,FR04014,no2,55.9,µg/m³
240,240,Paris,FR,2019-06-08 23:00:00+00:00,FR04014,no2,47.0,µg/m³
241,241,Paris,FR,2019-06-08 22:00:00+00:00,FR04014,no2,34.8,µg/m³
242,242,Paris,FR,2019-06-08 21:00:00+00:00,FR04014,no2,36.7,µg/m³
243,243,Paris,FR,2019-06-08 18:00:00+00:00,FR04014,no2,22.0,µg/m³
244,244,Paris,FR,2019-06-08 17:00:00+00:00,FR04014,no2,14.8,µg/m³
245,245,Paris,FR,2019-06-08 16:00:00+00:00,FR04014,no2,14.1,µg/m³
246,246,Paris,FR,2019-06-08 15:00:00+00:00,FR04014,no2,11.7,µg/m³
247,247,Paris,FR,2019-06-08 14:00:00+00:00,FR04014,no2,10.3,µg/m³
248,248,Paris,FR,2019-06-08 13:00:00+00:00,FR04014,no2,11.1,µg/m³
249,249,Paris,FR,2019-06-08 12:00:00+00:00,FR04014,no2,9.2,µg/m³
250,250,Paris,FR,2019-06-08 11:00:00+00:00,FR04014,no2,10.4,µg/m³
251,251,Paris,FR,2019-06-08 10:00:00+00:00,FR04014,no2,10.3,µg/m³
252,252,Paris,FR,2019-06-08 09:00:00+00:00,FR04014,no2,11.7,µg/m³
253,253,Paris,FR,2019-06-08 08:00:00+00:00,FR04014,no2,13.0,µg/m³
254,254,Paris,FR,2019-06-08 07:00:00+00:00,FR04014,no2,14.0,µg/m³
255,255,Paris,FR,2019-06-08 06:00:00+00:00,FR04014,no2,13.8,µg/m³
256,256,Paris,FR,2019-06-08 05:00:00+00:00,FR04014,no2,14.1,µg/m³
257,257,Paris,FR,2019-06-08 04:00:00+00:00,FR04014,no2,10.7,µg/m³
258,258,Paris,FR,2019-06-08 03:00:00+00:00,FR04014,no2,9.8,µg/m³
259,259,Paris,FR,2019-06-08 02:00:00+00:00,FR04014,no2,8.4,µg/m³
260,260,Paris,FR,2019-06-08 01:00:00+00:00,FR04014,no2,9.6,µg/m³
261,261,Paris,FR,2019-06-08 00:00:00+00:00,FR04014,no2,11.3,µg/m³
262,262,Paris,FR,2019-06-07 23:00:00+00:00,FR04014,no2,14.4,µg/m³
263,263,Paris,FR,2019-06-07 22:00:00+00:00,FR04014,no2,14.7,µg/m³
264,264,Paris,FR,2019-06-07 21:00:00+00:00,FR04014,no2,16.3,µg/m³
265,265,Paris,FR,2019-06-07 20:00:00+00:00,FR04014,no2,19.4,µg/m³
266,266,Paris,FR,2019-06-07 19:00:00+00:00,FR04014,no2,19.9,µg/m³
267,267,Paris,FR,2019-06-07 18:00:00+00:00,FR04014,no2,19.1,µg/m³
268,268,Paris,FR,2019-06-07 17:00:00+00:00,FR04014,no2,19.5,µg/m³
269,269,Paris,FR,2019-06-07 16:00:00+00:00,FR04014,no2,19.5,µg/m³
270,270,Paris,FR,2019-06-07 15:00:00+00:00,FR04014,no2,15.6,µg/m³
271,271,Paris,FR,2019-06-07 14:00:00+00:00,FR04014,no2,13.1,µg/m³
272,272,Paris,FR,2019-06-07 13:00:00+00:00,FR04014,no2,15.0,µg/m³
273,273,Paris,FR,2019-06-07 12:00:00+00:00,FR04014,no2,17.8,µg/m³
274,274,Paris,FR,2019-06-07 11:00:00+00:00,FR04014,no2,26.7,µg/m³
275,275,Paris,FR,2019-06-07 10:00:00+00:00,FR04014,no2,32.1,µg/m³
276,276,Paris,FR,2019-06-07 09:00:00+00:00,FR04014,no2,34.5,µg/m³
277,277,Paris,FR,2019-06-07 08:00:00+00:00,FR04014,no2,29.3,µg/m³
278,278,Paris,FR,2019-06-07 07:00:00+00:00,FR04014,no2,23.0,µg/m³
279,279,Paris,FR,2019-06-07 06:00:00+00:00,FR04014,no2,28.9,µg/m³
280,280,Paris,FR,2019-06-06 14:00:00+00:00,FR04014,no2,15.1,µg/m³
281,281,Paris,FR,2019-06-06 13:00:00+00:00,FR04014,no2,16.0,µg/m³
282,282,Paris,FR,2019-06-06 12:00:00+00:00,FR04014,no2,16.5,µg/m³
283,283,Paris,FR,2019-06-06 11:00:00+00:00,FR04014,no2,16.4,µg/m³
284,284,Paris,FR,2019-06-06 10:00:00+00:00,FR04014,no2,21.2,µg/m³
285,285,Paris,FR,2019-06-06 09:00:00+00:00,FR04014,no2,26.0,µg/m³
286,286,Paris,FR,2019-06-06 08:00:00+00:00,FR04014,no2,36.0,µg/m³
287,287,Paris,FR,2019-06-06 07:00:00+00:00,FR04014,no2,43.1,µg/m³
288,288,Paris,FR,2019-06-06 06:00:00+00:00,FR04014,no2,40.5,µg/m³
289,289,Paris,FR,2019-06-06 05:00:00+00:00,FR04014,no2,40.3,µg/m³
290,290,Paris,FR,2019-06-06 04:00:00+00:00,FR04014,no2,28.4,µg/m³
291,291,Paris,FR,2019-06-06 03:00:00+00:00,FR04014,no2,19.2,µg/m³
292,292,Paris,FR,2019-06-06 02:00:00+00:00,FR04014,no2,15.2,µg/m³
293,293,Paris,FR,2019-06-06 01:00:00+00:00,FR04014,no2,18.0,µg/m³
294,294,Paris,FR,2019-06-06 00:00:00+00:00,FR04014,no2,23.8,µg/m³
295,295,Paris,FR,2019-06-05 23:00:00+00:00,FR04014,no2,31.8,µg/m³
296,296,Paris,FR,2019-06-05 22:00:00+00:00,FR04014,no2,30.3,µg/m³
297,297,Paris,FR,2019-06-05 21:00:00+00:00,FR04014,no2,33.7,µg/m³
298,298,Paris,FR,2019-06-05 20:00:00+00:00,FR04014,no2,37.5,µg/m³
299,299,Paris,FR,2019-06-05 19:00:00+00:00,FR04014,no2,37.8,µg/m³
300,300,Paris,FR,2019-06-05 18:00:00+00:00,FR04014,no2,40.8,µg/m³
301,301,Paris,FR,2019-06-05 17:00:00+00:00,FR04014,no2,48.8,µg/m³
302,302,Paris,FR,2019-06-05 16:00:00+00:00,FR04014,no2,37.9,µg/m³
303,303,Paris,FR,2019-06-05 15:00:00+00:00,FR04014,no2,53.5,µg/m³
304,304,Paris,FR,2019-06-05 14:00:00+00:00,FR04014,no2,38.3,µg/m³
305,305,Paris,FR,2019-06-05 13:00:00+00:00,FR04014,no2,33.6,µg/m³
306,306,Paris,FR,2019-06-05 12:00:00+00:00,FR04014,no2,47.2,µg/m³
307,307,Paris,FR,2019-06-05 11:00:00+00:00,FR04014,no2,59.0,µg/m³
308,308,Paris,FR,2019-06-05 10:00:00+00:00,FR04014,no2,42.1,µg/m³
309,309,Paris,FR,2019-06-05 09:00:00+00:00,FR04014,no2,36.8,µg/m³
310,310,Paris,FR,2019-06-05 08:00:00+00:00,FR04014,no2,35.3,µg/m³
311,311,Paris,FR,2019-06-05 07:00:00+00:00,FR04014,no2,36.9,µg/m³
312,312,Paris,FR,2019-06-05 06:00:00+00:00,FR04014,no2,35.8,µg/m³
313,313,Paris,FR,2019-06-05 05:00:00+00:00,FR04014,no2,39.2,µg/m³
314,314,Paris,FR,2019-06-05 04:00:00+00:00,FR04014,no2,24.5,µg/m³
315,315,Paris,FR,2019-06-05 03:00:00+00:00,FR04014,no2,16.2,µg/m³
316,316,Paris,FR,2019-06-05 02:00:00+00:00,FR04014,no2,12.4,µg/m³
317,317,Paris,FR,2019-06-05 01:00:00+00:00,FR04014,no2,10.8,µg/m³
318,318,Paris,FR,2019-06-05 00:00:00+00:00,FR04014,no2,15.7,µg/m³
319,319,Paris,FR,2019-06-04 23:00:00+00:00,FR04014,no2,17.8,µg/m³
320,320,Paris,FR,2019-06-04 22:00:00+00:00,FR04014,no2,33.5,µg/m³
321,321,Paris,FR,2019-06-04 21:00:00+00:00,FR04014,no2,26.3,µg/m³
322,322,Paris,FR,2019-06-04 20:00:00+00:00,FR04014,no2,16.9,µg/m³
323,323,Paris,FR,2019-06-04 19:00:00+00:00,FR04014,no2,17.0,µg/m³
324,324,Paris,FR,2019-06-04 18:00:00+00:00,FR04014,no2,25.2,µg/m³
325,325,Paris,FR,2019-06-04 17:00:00+00:00,FR04014,no2,23.4,µg/m³
326,326,Paris,FR,2019-06-04 16:00:00+00:00,FR04014,no2,26.3,µg/m³
327,327,Paris,FR,2019-06-04 15:00:00+00:00,FR04014,no2,21.5,µg/m³
328,328,Paris,FR,2019-06-04 14:00:00+00:00,FR04014,no2,18.1,µg/m³
329,329,Paris,FR,2019-06-04 13:00:00+00:00,FR04014,no2,17.4,µg/m³
330,330,Paris,FR,2019-06-04 12:00:00+00:00,FR04014,no2,17.7,µg/m³
331,331,Paris,FR,2019-06-04 11:00:00+00:00,FR04014,no2,19.6,µg/m³
332,332,Paris,FR,2019-06-04 10:00:00+00:00,FR04014,no2,23.3,µg/m³
333,333,Paris,FR,2019-06-04 09:00:00+00:00,FR04014,no2,38.5,µg/m³
334,334,Paris,FR,2019-06-04 08:00:00+00:00,FR04014,no2,50.8,µg/m³
335,335,Paris,FR,2019-06-04 07:00:00+00:00,FR04014,no2,53.5,µg/m³
336,336,Paris,FR,2019-06-04 06:00:00+00:00,FR04014,no2,47.7,µg/m³
337,337,Paris,FR,2019-06-04 05:00:00+00:00,FR04014,no2,36.5,µg/m³
338,338,Paris,FR,2019-06-04 04:00:00+00:00,FR04014,no2,28.8,µg/m³
339,339,Paris,FR,2019-06-04 03:00:00+00:00,FR04014,no2,41.6,µg/m³
340,340,Paris,FR,2019-06-04 02:00:00+00:00,FR04014,no2,35.0,µg/m³
341,341,Paris,FR,2019-06-04 01:00:00+00:00,FR04014,no2,43.9,µg/m³
342,342,Paris,FR,2019-06-04 00:00:00+00:00,FR04014,no2,52.4,µg/m³
343,343,Paris,FR,2019-06-03 23:00:00+00:00,FR04014,no2,44.6,µg/m³
344,344,Paris,FR,2019-06-03 22:00:00+00:00,FR04014,no2,30.5,µg/m³
345,345,Paris,FR,2019-06-03 21:00:00+00:00,FR04014,no2,31.1,µg/m³
346,346,Paris,FR,2019-06-03 20:00:00+00:00,FR04014,no2,33.0,µg/m³
347,347,Paris,FR,2019-06-03 19:00:00+00:00,FR04014,no2,28.9,µg/m³
348,348,Paris,FR,2019-06-03 18:00:00+00:00,FR04014,no2,23.1,µg/m³
349,349,Paris,FR,2019-06-03 17:00:00+00:00,FR04014,no2,24.4,µg/m³
350,350,Paris,FR,2019-06-03 16:00:00+00:00,FR04014,no2,25.3,µg/m³
351,351,Paris,FR,2019-06-03 15:00:00+00:00,FR04014,no2,24.8,µg/m³
352,352,Paris,FR,2019-06-03 14:00:00+00:00,FR04014,no2,23.2,µg/m³
353,353,Paris,FR,2019-06-03 13:00:00+00:00,FR04014,no2,25.8,µg/m³
354,354,Paris,FR,2019-06-03 12:00:00+00:00,FR04014,no2,22.1,µg/m³
355,355,Paris,FR,2019-06-03 11:00:00+00:00,FR04014,no2,27.5,µg/m³
356,356,Paris,FR,2019-06-03 10:00:00+00:00,FR04014,no2,31.7,µg/m³
357,357,Paris,FR,2019-06-03 09:00:00+00:00,FR04014,no2,46.0,µg/m³
358,358,Paris,FR,2019-06-03 08:00:00+00:00,FR04014,no2,43.9,µg/m³
359,359,Paris,FR,2019-06-03 07:00:00+00:00,FR04014,no2,50.0,µg/m³
360,360,Paris,FR,2019-06-03 06:00:00+00:00,FR04014,no2,44.1,µg/m³
361,361,Paris,FR,2019-06-03 05:00:00+00:00,FR04014,no2,29.0,µg/m³
362,362,Paris,FR,2019-06-03 04:00:00+00:00,FR04014,no2,11.4,µg/m³
363,363,Paris,FR,2019-06-03 03:00:00+00:00,FR04014,no2,9.8,µg/m³
364,364,Paris,FR,2019-06-03 02:00:00+00:00,FR04014,no2,11.7,µg/m³
365,365,Paris,FR,2019-06-03 01:00:00+00:00,FR04014,no2,11.8,µg/m³
366,366,Paris,FR,2019-06-03 00:00:00+00:00,FR04014,no2,15.7,µg/m³
367,367,Paris,FR,2019-06-02 23:00:00+00:00,FR04014,no2,17.9,µg/m³
368,368,Paris,FR,2019-06-02 22:00:00+00:00,FR04014,no2,27.6,µg/m³
369,369,Paris,FR,2019-06-02 21:00:00+00:00,FR04014,no2,36.9,µg/m³
370,370,Paris,FR,2019-06-02 20:00:00+00:00,FR04014,no2,40.9,µg/m³
371,371,Paris,FR,2019-06-02 19:00:00+00:00,FR04014,no2,25.8,µg/m³
372,372,Paris,FR,2019-06-02 18:00:00+00:00,FR04014,no2,15.6,µg/m³
373,373,Paris,FR,2019-06-02 17:00:00+00:00,FR04014,no2,14.4,µg/m³
374,374,Paris,FR,2019-06-02 16:00:00+00:00,FR04014,no2,14.4,µg/m³
375,375,Paris,FR,2019-06-02 15:00:00+00:00,FR04014,no2,13.9,µg/m³
376,376,Paris,FR,2019-06-02 14:00:00+00:00,FR04014,no2,15.0,µg/m³
377,377,Paris,FR,2019-06-02 13:00:00+00:00,FR04014,no2,13.0,µg/m³
378,378,Paris,FR,2019-06-02 12:00:00+00:00,FR04014,no2,11.5,µg/m³
379,379,Paris,FR,2019-06-02 11:00:00+00:00,FR04014,no2,13.1,µg/m³
380,380,Paris,FR,2019-06-02 10:00:00+00:00,FR04014,no2,18.1,µg/m³
381,381,Paris,FR,2019-06-02 09:00:00+00:00,FR04014,no2,21.0,µg/m³
382,382,Paris,FR,2019-06-02 08:00:00+00:00,FR04014,no2,19.5,µg/m³
383,383,Paris,FR,2019-06-02 07:00:00+00:00,FR04014,no2,18.1,µg/m³
384,384,Paris,FR,2019-06-02 06:00:00+00:00,FR04014,no2,24.1,µg/m³
385,385,Paris,FR,2019-06-02 05:00:00+00:00,FR04014,no2,37.2,µg/m³
386,386,Paris,FR,2019-06-02 04:00:00+00:00,FR04014,no2,24.5,µg/m³
387,387,Paris,FR,2019-06-02 03:00:00+00:00,FR04014,no2,23.2,µg/m³
388,388,Paris,FR,2019-06-02 02:00:00+00:00,FR04014,no2,39.2,µg/m³
389,389,Paris,FR,2019-06-02 01:00:00+00:00,FR04014,no2,38.2,µg/m³
390,390,Paris,FR,2019-06-02 00:00:00+00:00,FR04014,no2,38.1,µg/m³
391,391,Paris,FR,2019-06-01 23:00:00+00:00,FR04014,no2,32.7,µg/m³
392,392,Paris,FR,2019-06-01 22:00:00+00:00,FR04014,no2,48.1,µg/m³
393,393,Paris,FR,2019-06-01 21:00:00+00:00,FR04014,no2,49.4,µg/m³
394,394,Paris,FR,2019-06-01 20:00:00+00:00,FR04014,no2,43.6,µg/m³
395,395,Paris,FR,2019-06-01 19:00:00+00:00,FR04014,no2,24.6,µg/m³
396,396,Paris,FR,2019-06-01 18:00:00+00:00,FR04014,no2,14.5,µg/m³
397,397,Paris,FR,2019-06-01 17:00:00+00:00,FR04014,no2,11.8,µg/m³
398,398,Paris,FR,2019-06-01 16:00:00+00:00,FR04014,no2,11.8,µg/m³
399,399,Paris,FR,2019-06-01 15:00:00+00:00,FR04014,no2,10.2,µg/m³
400,400,Paris,FR,2019-06-01 14:00:00+00:00,FR04014,no2,10.0,µg/m³
401,401,Paris,FR,2019-06-01 13:00:00+00:00,FR04014,no2,10.2,µg/m³
402,402,Paris,FR,2019-06-01 12:00:00+00:00,FR04014,no2,10.4,µg/m³
403,403,Paris,FR,2019-06-01 11:00:00+00:00,FR04014,no2,12.2,µg/m³
404,404,Paris,FR,2019-06-01 10:00:00+00:00,FR04014,no2,13.8,µg/m³
405,405,Paris,FR,2019-06-01 09:00:00+00:00,FR04014,no2,23.9,µg/m³
406,406,Paris,FR,2019-06-01 08:00:00+00:00,FR04014,no2,33.3,µg/m³
407,407,Paris,FR,2019-06-01 07:00:00+00:00,FR04014,no2,46.4,µg/m³
408,408,Paris,FR,2019-06-01 06:00:00+00:00,FR04014,no2,44.6,µg/m³
409,409,Paris,FR,2019-06-01 02:00:00+00:00,FR04014,no2,68.1,µg/m³
410,410,Paris,FR,2019-06-01 01:00:00+00:00,FR04014,no2,74.8,µg/m³
411,411,Paris,FR,2019-06-01 00:00:00+00:00,FR04014,no2,84.7,µg/m³
412,412,Paris,FR,2019-05-31 23:00:00+00:00,FR04014,no2,81.7,µg/m³
413,413,Paris,FR,2019-05-31 22:00:00+00:00,FR04014,no2,68.0,µg/m³
414,414,Paris,FR,2019-05-31 21:00:00+00:00,FR04014,no2,60.2,µg/m³
415,415,Paris,FR,2019-05-31 20:00:00+00:00,FR04014,no2,37.0,µg/m³
416,416,Paris,FR,2019-05-31 19:00:00+00:00,FR04014,no2,23.3,µg/m³
417,417,Paris,FR,2019-05-31 18:00:00+00:00,FR04014,no2,25.2,µg/m³
418,418,Paris,FR,2019-05-31 17:00:00+00:00,FR04014,no2,20.5,µg/m³
419,419,Paris,FR,2019-05-31 16:00:00+00:00,FR04014,no2,16.3,µg/m³
420,420,Paris,FR,2019-05-31 15:00:00+00:00,FR04014,no2,15.4,µg/m³
421,421,Paris,FR,2019-05-31 14:00:00+00:00,FR04014,no2,15.4,µg/m³
422,422,Paris,FR,2019-05-31 13:00:00+00:00,FR04014,no2,13.8,µg/m³
423,423,Paris,FR,2019-05-31 12:00:00+00:00,FR04014,no2,13.3,µg/m³
424,424,Paris,FR,2019-05-31 11:00:00+00:00,FR04014,no2,15.1,µg/m³
425,425,Paris,FR,2019-05-31 10:00:00+00:00,FR04014,no2,17.2,µg/m³
426,426,Paris,FR,2019-05-31 09:00:00+00:00,FR04014,no2,19.6,µg/m³
427,427,Paris,FR,2019-05-31 08:00:00+00:00,FR04014,no2,36.6,µg/m³
428,428,Paris,FR,2019-05-31 07:00:00+00:00,FR04014,no2,47.4,µg/m³
429,429,Paris,FR,2019-05-31 06:00:00+00:00,FR04014,no2,38.6,µg/m³
430,430,Paris,FR,2019-05-31 05:00:00+00:00,FR04014,no2,37.2,µg/m³
431,431,Paris,FR,2019-05-31 04:00:00+00:00,FR04014,no2,31.1,µg/m³
432,432,Paris,FR,2019-05-31 03:00:00+00:00,FR04014,no2,40.1,µg/m³
433,433,Paris,FR,2019-05-31 02:00:00+00:00,FR04014,no2,44.1,µg/m³
434,434,Paris,FR,2019-05-31 01:00:00+00:00,FR04014,no2,36.9,µg/m³
435,435,Paris,FR,2019-05-31 00:00:00+00:00,FR04014,no2,27.2,µg/m³
436,436,Paris,FR,2019-05-30 23:00:00+00:00,FR04014,no2,29.6,µg/m³
437,437,Paris,FR,2019-05-30 22:00:00+00:00,FR04014,no2,27.0,µg/m³
438,438,Paris,FR,2019-05-30 21:00:00+00:00,FR04014,no2,26.9,µg/m³
439,439,Paris,FR,2019-05-30 20:00:00+00:00,FR04014,no2,21.9,µg/m³
440,440,Paris,FR,2019-05-30 19:00:00+00:00,FR04014,no2,22.9,µg/m³
441,441,Paris,FR,2019-05-30 18:00:00+00:00,FR04014,no2,22.1,µg/m³
442,442,Paris,FR,2019-05-30 17:00:00+00:00,FR04014,no2,20.4,µg/m³
443,443,Paris,FR,2019-05-30 16:00:00+00:00,FR04014,no2,12.8,µg/m³
444,444,Paris,FR,2019-05-30 15:00:00+00:00,FR04014,no2,13.0,µg/m³
445,445,Paris,FR,2019-05-30 14:00:00+00:00,FR04014,no2,14.9,µg/m³
446,446,Paris,FR,2019-05-30 13:00:00+00:00,FR04014,no2,16.1,µg/m³
447,447,Paris,FR,2019-05-30 12:00:00+00:00,FR04014,no2,14.2,µg/m³
448,448,Paris,FR,2019-05-30 11:00:00+00:00,FR04014,no2,14.9,µg/m³
449,449,Paris,FR,2019-05-30 10:00:00+00:00,FR04014,no2,13.8,µg/m³
450,450,Paris,FR,2019-05-30 09:00:00+00:00,FR04014,no2,15.1,µg/m³
451,451,Paris,FR,2019-05-30 08:00:00+00:00,FR04014,no2,16.7,µg/m³
452,452,Paris,FR,2019-05-30 07:00:00+00:00,FR04014,no2,18.3,µg/m³
453,453,Paris,FR,2019-05-30 06:00:00+00:00,FR04014,no2,13.3,µg/m³
454,454,Paris,FR,2019-05-30 05:00:00+00:00,FR04014,no2,12.2,µg/m³
455,455,Paris,FR,2019-05-30 04:00:00+00:00,FR04014,no2,10.4,µg/m³
456,456,Paris,FR,2019-05-30 03:00:00+00:00,FR04014,no2,10.6,µg/m³
457,457,Paris,FR,2019-05-30 02:00:00+00:00,FR04014,no2,9.4,µg/m³
458,458,Paris,FR,2019-05-30 01:00:00+00:00,FR04014,no2,12.4,µg/m³
459,459,Paris,FR,2019-05-30 00:00:00+00:00,FR04014,no2,19.4,µg/m³
460,460,Paris,FR,2019-05-29 23:00:00+00:00,FR04014,no2,19.9,µg/m³
461,461,Paris,FR,2019-05-29 22:00:00+00:00,FR04014,no2,19.0,µg/m³
462,462,Paris,FR,2019-05-29 21:00:00+00:00,FR04014,no2,16.9,µg/m³
463,463,Paris,FR,2019-05-29 20:00:00+00:00,FR04014,no2,20.8,µg/m³
464,464,Paris,FR,2019-05-29 19:00:00+00:00,FR04014,no2,24.1,µg/m³
465,465,Paris,FR,2019-05-29 18:00:00+00:00,FR04014,no2,25.3,µg/m³
466,466,Paris,FR,2019-05-29 17:00:00+00:00,FR04014,no2,22.9,µg/m³
467,467,Paris,FR,2019-05-29 16:00:00+00:00,FR04014,no2,20.1,µg/m³
468,468,Paris,FR,2019-05-29 15:00:00+00:00,FR04014,no2,0.0,µg/m³
469,469,Paris,FR,2019-05-29 14:00:00+00:00,FR04014,no2,0.0,µg/m³
470,470,Paris,FR,2019-05-29 13:00:00+00:00,FR04014,no2,17.8,µg/m³
471,471,Paris,FR,2019-05-29 12:00:00+00:00,FR04014,no2,13.2,µg/m³
472,472,Paris,FR,2019-05-29 11:00:00+00:00,FR04014,no2,22.0,µg/m³
473,473,Paris,FR,2019-05-29 10:00:00+00:00,FR04014,no2,30.7,µg/m³
474,474,Paris,FR,2019-05-29 09:00:00+00:00,FR04014,no2,34.5,µg/m³
475,475,Paris,FR,2019-05-29 08:00:00+00:00,FR04014,no2,45.7,µg/m³
476,476,Paris,FR,2019-05-29 07:00:00+00:00,FR04014,no2,50.5,µg/m³
477,477,Paris,FR,2019-05-29 06:00:00+00:00,FR04014,no2,46.5,µg/m³
478,478,Paris,FR,2019-05-29 05:00:00+00:00,FR04014,no2,36.7,µg/m³
479,479,Paris,FR,2019-05-29 04:00:00+00:00,FR04014,no2,24.1,µg/m³
480,480,Paris,FR,2019-05-29 03:00:00+00:00,FR04014,no2,20.3,µg/m³
481,481,Paris,FR,2019-05-29 02:00:00+00:00,FR04014,no2,19.0,µg/m³
482,482,Paris,FR,2019-05-29 01:00:00+00:00,FR04014,no2,21.6,µg/m³
483,483,Paris,FR,2019-05-29 00:00:00+00:00,FR04014,no2,23.4,µg/m³
484,484,Paris,FR,2019-05-28 23:00:00+00:00,FR04014,no2,25.3,µg/m³
485,485,Paris,FR,2019-05-28 22:00:00+00:00,FR04014,no2,20.2,µg/m³
486,486,Paris,FR,2019-05-28 21:00:00+00:00,FR04014,no2,20.4,µg/m³
487,487,Paris,FR,2019-05-28 20:00:00+00:00,FR04014,no2,20.4,µg/m³
488,488,Paris,FR,2019-05-28 19:00:00+00:00,FR04014,no2,18.5,µg/m³
489,489,Paris,FR,2019-05-28 18:00:00+00:00,FR04014,no2,16.2,µg/m³
490,490,Paris,FR,2019-05-28 17:00:00+00:00,FR04014,no2,20.8,µg/m³
491,491,Paris,FR,2019-05-28 16:00:00+00:00,FR04014,no2,26.5,µg/m³
492,492,Paris,FR,2019-05-28 15:00:00+00:00,FR04014,no2,25.0,µg/m³
493,493,Paris,FR,2019-05-28 14:00:00+00:00,FR04014,no2,18.8,µg/m³
494,494,Paris,FR,2019-05-28 13:00:00+00:00,FR04014,no2,18.5,µg/m³
495,495,Paris,FR,2019-05-28 12:00:00+00:00,FR04014,no2,24.8,µg/m³
496,496,Paris,FR,2019-05-28 11:00:00+00:00,FR04014,no2,20.5,µg/m³
497,497,Paris,FR,2019-05-28 10:00:00+00:00,FR04014,no2,21.6,µg/m³
498,498,Paris,FR,2019-05-28 09:00:00+00:00,FR04014,no2,24.3,µg/m³
499,499,Paris,FR,2019-05-28 08:00:00+00:00,FR04014,no2,31.2,µg/m³
500,500,Paris,FR,2019-05-28 07:00:00+00:00,FR04014,no2,33.8,µg/m³
501,501,Paris,FR,2019-05-28 06:00:00+00:00,FR04014,no2,28.8,µg/m³
502,502,Paris,FR,2019-05-28 05:00:00+00:00,FR04014,no2,19.9,µg/m³
503,503,Paris,FR,2019-05-28 04:00:00+00:00,FR04014,no2,8.9,µg/m³
504,504,Paris,FR,2019-05-28 03:00:00+00:00,FR04014,no2,6.1,µg/m³
505,505,Paris,FR,2019-05-28 02:00:00+00:00,FR04014,no2,6.4,µg/m³
506,506,Paris,FR,2019-05-28 01:00:00+00:00,FR04014,no2,8.2,µg/m³
507,507,Paris,FR,2019-05-28 00:00:00+00:00,FR04014,no2,15.4,µg/m³
508,508,Paris,FR,2019-05-27 23:00:00+00:00,FR04014,no2,22.6,µg/m³
509,509,Paris,FR,2019-05-27 22:00:00+00:00,FR04014,no2,19.9,µg/m³
510,510,Paris,FR,2019-05-27 21:00:00+00:00,FR04014,no2,18.8,µg/m³
511,511,Paris,FR,2019-05-27 20:00:00+00:00,FR04014,no2,22.3,µg/m³
512,512,Paris,FR,2019-05-27 19:00:00+00:00,FR04014,no2,22.1,µg/m³
513,513,Paris,FR,2019-05-27 18:00:00+00:00,FR04014,no2,25.6,µg/m³
514,514,Paris,FR,2019-05-27 17:00:00+00:00,FR04014,no2,22.9,µg/m³
515,515,Paris,FR,2019-05-27 16:00:00+00:00,FR04014,no2,23.6,µg/m³
516,516,Paris,FR,2019-05-27 15:00:00+00:00,FR04014,no2,25.6,µg/m³
517,517,Paris,FR,2019-05-27 14:00:00+00:00,FR04014,no2,17.3,µg/m³
518,518,Paris,FR,2019-05-27 13:00:00+00:00,FR04014,no2,17.5,µg/m³
519,519,Paris,FR,2019-05-27 12:00:00+00:00,FR04014,no2,17.3,µg/m³
520,520,Paris,FR,2019-05-27 11:00:00+00:00,FR04014,no2,19.3,µg/m³
521,521,Paris,FR,2019-05-27 10:00:00+00:00,FR04014,no2,23.3,µg/m³
522,522,Paris,FR,2019-05-27 09:00:00+00:00,FR04014,no2,31.4,µg/m³
523,523,Paris,FR,2019-05-27 08:00:00+00:00,FR04014,no2,34.2,µg/m³
524,524,Paris,FR,2019-05-27 07:00:00+00:00,FR04014,no2,29.5,µg/m³
525,525,Paris,FR,2019-05-27 06:00:00+00:00,FR04014,no2,29.1,µg/m³
526,526,Paris,FR,2019-05-27 05:00:00+00:00,FR04014,no2,20.3,µg/m³
527,527,Paris,FR,2019-05-27 04:00:00+00:00,FR04014,no2,6.5,µg/m³
528,528,Paris,FR,2019-05-27 03:00:00+00:00,FR04014,no2,4.8,µg/m³
529,529,Paris,FR,2019-05-27 02:00:00+00:00,FR04014,no2,5.9,µg/m³
530,530,Paris,FR,2019-05-27 01:00:00+00:00,FR04014,no2,7.1,µg/m³
531,531,Paris,FR,2019-05-27 00:00:00+00:00,FR04014,no2,9.5,µg/m³
532,532,Paris,FR,2019-05-26 23:00:00+00:00,FR04014,no2,10.3,µg/m³
533,533,Paris,FR,2019-05-26 22:00:00+00:00,FR04014,no2,15.2,µg/m³
534,534,Paris,FR,2019-05-26 21:00:00+00:00,FR04014,no2,16.1,µg/m³
535,535,Paris,FR,2019-05-26 20:00:00+00:00,FR04014,no2,16.6,µg/m³
536,536,Paris,FR,2019-05-26 19:00:00+00:00,FR04014,no2,17.8,µg/m³
537,537,Paris,FR,2019-05-26 18:00:00+00:00,FR04014,no2,22.8,µg/m³
538,538,Paris,FR,2019-05-26 17:00:00+00:00,FR04014,no2,17.3,µg/m³
539,539,Paris,FR,2019-05-26 16:00:00+00:00,FR04014,no2,17.1,µg/m³
540,540,Paris,FR,2019-05-26 15:00:00+00:00,FR04014,no2,11.7,µg/m³
541,541,Paris,FR,2019-05-26 14:00:00+00:00,FR04014,no2,15.3,µg/m³
542,542,Paris,FR,2019-05-26 13:00:00+00:00,FR04014,no2,12.5,µg/m³
543,543,Paris,FR,2019-05-26 12:00:00+00:00,FR04014,no2,11.5,µg/m³
544,544,Paris,FR,2019-05-26 11:00:00+00:00,FR04014,no2,13.3,µg/m³
545,545,Paris,FR,2019-05-26 10:00:00+00:00,FR04014,no2,11.3,µg/m³
546,546,Paris,FR,2019-05-26 09:00:00+00:00,FR04014,no2,10.3,µg/m³
547,547,Paris,FR,2019-05-26 08:00:00+00:00,FR04014,no2,11.0,µg/m³
548,548,Paris,FR,2019-05-26 07:00:00+00:00,FR04014,no2,13.4,µg/m³
549,549,Paris,FR,2019-05-26 06:00:00+00:00,FR04014,no2,15.1,µg/m³
550,550,Paris,FR,2019-05-26 05:00:00+00:00,FR04014,no2,16.8,µg/m³
551,551,Paris,FR,2019-05-26 04:00:00+00:00,FR04014,no2,22.3,µg/m³
552,552,Paris,FR,2019-05-26 03:00:00+00:00,FR04014,no2,22.9,µg/m³
553,553,Paris,FR,2019-05-26 02:00:00+00:00,FR04014,no2,23.4,µg/m³
554,554,Paris,FR,2019-05-26 01:00:00+00:00,FR04014,no2,49.8,µg/m³
555,555,Paris,FR,2019-05-26 00:00:00+00:00,FR04014,no2,67.0,µg/m³
556,556,Paris,FR,2019-05-25 23:00:00+00:00,FR04014,no2,70.2,µg/m³
557,557,Paris,FR,2019-05-25 22:00:00+00:00,FR04014,no2,63.9,µg/m³
558,558,Paris,FR,2019-05-25 21:00:00+00:00,FR04014,no2,39.5,µg/m³
559,559,Paris,FR,2019-05-25 20:00:00+00:00,FR04014,no2,43.6,µg/m³
560,560,Paris,FR,2019-05-25 19:00:00+00:00,FR04014,no2,22.1,µg/m³
561,561,Paris,FR,2019-05-25 18:00:00+00:00,FR04014,no2,30.4,µg/m³
562,562,Paris,FR,2019-05-25 17:00:00+00:00,FR04014,no2,20.6,µg/m³
563,563,Paris,FR,2019-05-25 16:00:00+00:00,FR04014,no2,31.9,µg/m³
564,564,Paris,FR,2019-05-25 15:00:00+00:00,FR04014,no2,30.0,µg/m³
565,565,Paris,FR,2019-05-25 14:00:00+00:00,FR04014,no2,23.6,µg/m³
566,566,Paris,FR,2019-05-25 13:00:00+00:00,FR04014,no2,26.1,µg/m³
567,567,Paris,FR,2019-05-25 12:00:00+00:00,FR04014,no2,18.6,µg/m³
568,568,Paris,FR,2019-05-25 11:00:00+00:00,FR04014,no2,19.5,µg/m³
569,569,Paris,FR,2019-05-25 10:00:00+00:00,FR04014,no2,26.3,µg/m³
570,570,Paris,FR,2019-05-25 09:00:00+00:00,FR04014,no2,33.6,µg/m³
571,571,Paris,FR,2019-05-25 08:00:00+00:00,FR04014,no2,44.5,µg/m³
572,572,Paris,FR,2019-05-25 07:00:00+00:00,FR04014,no2,42.1,µg/m³
573,573,Paris,FR,2019-05-25 06:00:00+00:00,FR04014,no2,36.9,µg/m³
574,574,Paris,FR,2019-05-25 02:00:00+00:00,FR04014,no2,20.3,µg/m³
575,575,Paris,FR,2019-05-25 01:00:00+00:00,FR04014,no2,12.8,µg/m³
576,576,Paris,FR,2019-05-25 00:00:00+00:00,FR04014,no2,17.4,µg/m³
577,577,Paris,FR,2019-05-24 23:00:00+00:00,FR04014,no2,16.5,µg/m³
578,578,Paris,FR,2019-05-24 22:00:00+00:00,FR04014,no2,18.0,µg/m³
579,579,Paris,FR,2019-05-24 21:00:00+00:00,FR04014,no2,18.1,µg/m³
580,580,Paris,FR,2019-05-24 20:00:00+00:00,FR04014,no2,31.7,µg/m³
581,581,Paris,FR,2019-05-24 19:00:00+00:00,FR04014,no2,21.9,µg/m³
582,582,Paris,FR,2019-05-24 18:00:00+00:00,FR04014,no2,23.3,µg/m³
583,583,Paris,FR,2019-05-24 17:00:00+00:00,FR04014,no2,25.2,µg/m³
584,584,Paris,FR,2019-05-24 16:00:00+00:00,FR04014,no2,27.3,µg/m³
585,585,Paris,FR,2019-05-24 15:00:00+00:00,FR04014,no2,22.7,µg/m³
586,586,Paris,FR,2019-05-24 14:00:00+00:00,FR04014,no2,20.5,µg/m³
587,587,Paris,FR,2019-05-24 13:00:00+00:00,FR04014,no2,24.3,µg/m³
588,588,Paris,FR,2019-05-24 12:00:00+00:00,FR04014,no2,29.3,µg/m³
589,589,Paris,FR,2019-05-24 11:00:00+00:00,FR04014,no2,40.6,µg/m³
590,590,Paris,FR,2019-05-24 10:00:00+00:00,FR04014,no2,28.6,µg/m³
591,591,Paris,FR,2019-05-24 09:00:00+00:00,FR04014,no2,37.9,µg/m³
592,592,Paris,FR,2019-05-24 08:00:00+00:00,FR04014,no2,45.9,µg/m³
593,593,Paris,FR,2019-05-24 07:00:00+00:00,FR04014,no2,54.8,µg/m³
594,594,Paris,FR,2019-05-24 06:00:00+00:00,FR04014,no2,40.7,µg/m³
595,595,Paris,FR,2019-05-24 05:00:00+00:00,FR04014,no2,35.9,µg/m³
596,596,Paris,FR,2019-05-24 04:00:00+00:00,FR04014,no2,28.1,µg/m³
597,597,Paris,FR,2019-05-24 03:00:00+00:00,FR04014,no2,19.4,µg/m³
598,598,Paris,FR,2019-05-24 02:00:00+00:00,FR04014,no2,28.4,µg/m³
599,599,Paris,FR,2019-05-24 01:00:00+00:00,FR04014,no2,28.8,µg/m³
600,600,Paris,FR,2019-05-24 00:00:00+00:00,FR04014,no2,32.8,µg/m³
601,601,Paris,FR,2019-05-23 23:00:00+00:00,FR04014,no2,23.2,µg/m³
602,602,Paris,FR,2019-05-23 22:00:00+00:00,FR04014,no2,61.9,µg/m³
603,603,Paris,FR,2019-05-23 21:00:00+00:00,FR04014,no2,47.0,µg/m³
604,604,Paris,FR,2019-05-23 20:00:00+00:00,FR04014,no2,33.8,µg/m³
605,605,Paris,FR,2019-05-23 19:00:00+00:00,FR04014,no2,28.0,µg/m³
606,606,Paris,FR,2019-05-23 18:00:00+00:00,FR04014,no2,23.5,µg/m³
607,607,Paris,FR,2019-05-23 17:00:00+00:00,FR04014,no2,22.7,µg/m³
608,608,Paris,FR,2019-05-23 16:00:00+00:00,FR04014,no2,17.8,µg/m³
609,609,Paris,FR,2019-05-23 15:00:00+00:00,FR04014,no2,17.5,µg/m³
610,610,Paris,FR,2019-05-23 14:00:00+00:00,FR04014,no2,17.2,µg/m³
611,611,Paris,FR,2019-05-23 13:00:00+00:00,FR04014,no2,21.2,µg/m³
612,612,Paris,FR,2019-05-23 12:00:00+00:00,FR04014,no2,16.4,µg/m³
613,613,Paris,FR,2019-05-23 11:00:00+00:00,FR04014,no2,17.0,µg/m³
614,614,Paris,FR,2019-05-23 10:00:00+00:00,FR04014,no2,28.3,µg/m³
615,615,Paris,FR,2019-05-23 09:00:00+00:00,FR04014,no2,79.4,µg/m³
616,616,Paris,FR,2019-05-23 08:00:00+00:00,FR04014,no2,97.0,µg/m³
617,617,Paris,FR,2019-05-23 07:00:00+00:00,FR04014,no2,91.8,µg/m³
618,618,Paris,FR,2019-05-23 06:00:00+00:00,FR04014,no2,79.6,µg/m³
619,619,Paris,FR,2019-05-23 05:00:00+00:00,FR04014,no2,68.7,µg/m³
620,620,Paris,FR,2019-05-23 04:00:00+00:00,FR04014,no2,71.9,µg/m³
621,621,Paris,FR,2019-05-23 03:00:00+00:00,FR04014,no2,76.8,µg/m³
622,622,Paris,FR,2019-05-23 02:00:00+00:00,FR04014,no2,66.6,µg/m³
623,623,Paris,FR,2019-05-23 01:00:00+00:00,FR04014,no2,53.1,µg/m³
624,624,Paris,FR,2019-05-23 00:00:00+00:00,FR04014,no2,53.3,µg/m³
625,625,Paris,FR,2019-05-22 23:00:00+00:00,FR04014,no2,62.1,µg/m³
626,626,Paris,FR,2019-05-22 22:00:00+00:00,FR04014,no2,29.8,µg/m³
627,627,Paris,FR,2019-05-22 21:00:00+00:00,FR04014,no2,37.7,µg/m³
628,628,Paris,FR,2019-05-22 20:00:00+00:00,FR04014,no2,44.9,µg/m³
629,629,Paris,FR,2019-05-22 19:00:00+00:00,FR04014,no2,36.2,µg/m³
630,630,Paris,FR,2019-05-22 18:00:00+00:00,FR04014,no2,34.1,µg/m³
631,631,Paris,FR,2019-05-22 17:00:00+00:00,FR04014,no2,36.1,µg/m³
632,632,Paris,FR,2019-05-22 16:00:00+00:00,FR04014,no2,34.9,µg/m³
633,633,Paris,FR,2019-05-22 15:00:00+00:00,FR04014,no2,33.2,µg/m³
634,634,Paris,FR,2019-05-22 14:00:00+00:00,FR04014,no2,40.0,µg/m³
635,635,Paris,FR,2019-05-22 13:00:00+00:00,FR04014,no2,38.5,µg/m³
636,636,Paris,FR,2019-05-22 12:00:00+00:00,FR04014,no2,42.2,µg/m³
637,637,Paris,FR,2019-05-22 11:00:00+00:00,FR04014,no2,42.6,µg/m³
638,638,Paris,FR,2019-05-22 10:00:00+00:00,FR04014,no2,57.8,µg/m³
639,639,Paris,FR,2019-05-22 09:00:00+00:00,FR04014,no2,63.1,µg/m³
640,640,Paris,FR,2019-05-22 08:00:00+00:00,FR04014,no2,70.8,µg/m³
641,641,Paris,FR,2019-05-22 07:00:00+00:00,FR04014,no2,75.4,µg/m³
642,642,Paris,FR,2019-05-22 06:00:00+00:00,FR04014,no2,75.7,µg/m³
643,643,Paris,FR,2019-05-22 05:00:00+00:00,FR04014,no2,45.1,µg/m³
644,644,Paris,FR,2019-05-22 04:00:00+00:00,FR04014,no2,33.7,µg/m³
645,645,Paris,FR,2019-05-22 03:00:00+00:00,FR04014,no2,25.2,µg/m³
646,646,Paris,FR,2019-05-22 02:00:00+00:00,FR04014,no2,19.2,µg/m³
647,647,Paris,FR,2019-05-22 01:00:00+00:00,FR04014,no2,27.9,µg/m³
648,648,Paris,FR,2019-05-22 00:00:00+00:00,FR04014,no2,27.1,µg/m³
649,649,Paris,FR,2019-05-21 23:00:00+00:00,FR04014,no2,29.5,µg/m³
650,650,Paris,FR,2019-05-21 22:00:00+00:00,FR04014,no2,33.2,µg/m³
651,651,Paris,FR,2019-05-21 21:00:00+00:00,FR04014,no2,43.0,µg/m³
652,652,Paris,FR,2019-05-21 20:00:00+00:00,FR04014,no2,40.8,µg/m³
653,653,Paris,FR,2019-05-21 19:00:00+00:00,FR04014,no2,50.0,µg/m³
654,654,Paris,FR,2019-05-21 18:00:00+00:00,FR04014,no2,54.3,µg/m³
655,655,Paris,FR,2019-05-21 17:00:00+00:00,FR04014,no2,75.0,µg/m³
656,656,Paris,FR,2019-05-21 16:00:00+00:00,FR04014,no2,42.3,µg/m³
657,657,Paris,FR,2019-05-21 15:00:00+00:00,FR04014,no2,36.6,µg/m³
658,658,Paris,FR,2019-05-21 14:00:00+00:00,FR04014,no2,47.8,µg/m³
659,659,Paris,FR,2019-05-21 13:00:00+00:00,FR04014,no2,49.7,µg/m³
660,660,Paris,FR,2019-05-21 12:00:00+00:00,FR04014,no2,30.5,µg/m³
661,661,Paris,FR,2019-05-21 11:00:00+00:00,FR04014,no2,25.5,µg/m³
662,662,Paris,FR,2019-05-21 10:00:00+00:00,FR04014,no2,30.4,µg/m³
663,663,Paris,FR,2019-05-21 09:00:00+00:00,FR04014,no2,48.1,µg/m³
664,664,Paris,FR,2019-05-21 08:00:00+00:00,FR04014,no2,54.2,µg/m³
665,665,Paris,FR,2019-05-21 07:00:00+00:00,FR04014,no2,56.0,µg/m³
666,666,Paris,FR,2019-05-21 06:00:00+00:00,FR04014,no2,62.6,µg/m³
667,667,Paris,FR,2019-05-21 05:00:00+00:00,FR04014,no2,38.0,µg/m³
668,668,Paris,FR,2019-05-21 04:00:00+00:00,FR04014,no2,18.5,µg/m³
669,669,Paris,FR,2019-05-21 03:00:00+00:00,FR04014,no2,17.9,µg/m³
670,670,Paris,FR,2019-05-21 02:00:00+00:00,FR04014,no2,17.7,µg/m³
671,671,Paris,FR,2019-05-21 01:00:00+00:00,FR04014,no2,16.3,µg/m³
672,672,Paris,FR,2019-05-21 00:00:00+00:00,FR04014,no2,16.9,µg/m³
673,673,Paris,FR,2019-05-20 23:00:00+00:00,FR04014,no2,19.6,µg/m³
674,674,Paris,FR,2019-05-20 22:00:00+00:00,FR04014,no2,20.7,µg/m³
675,675,Paris,FR,2019-05-20 21:00:00+00:00,FR04014,no2,20.3,µg/m³
676,676,Paris,FR,2019-05-20 20:00:00+00:00,FR04014,no2,21.6,µg/m³
677,677,Paris,FR,2019-05-20 19:00:00+00:00,FR04014,no2,21.3,µg/m³
678,678,Paris,FR,2019-05-20 18:00:00+00:00,FR04014,no2,32.2,µg/m³
679,679,Paris,FR,2019-05-20 17:00:00+00:00,FR04014,no2,24.6,µg/m³
680,680,Paris,FR,2019-05-20 16:00:00+00:00,FR04014,no2,32.4,µg/m³
681,681,Paris,FR,2019-05-20 15:00:00+00:00,FR04014,no2,26.5,µg/m³
682,682,Paris,FR,2019-05-20 14:00:00+00:00,FR04014,no2,27.5,µg/m³
683,683,Paris,FR,2019-05-20 13:00:00+00:00,FR04014,no2,23.7,µg/m³
684,684,Paris,FR,2019-05-20 12:00:00+00:00,FR04014,no2,23.8,µg/m³
685,685,Paris,FR,2019-05-20 11:00:00+00:00,FR04014,no2,35.4,µg/m³
686,686,Paris,FR,2019-05-20 10:00:00+00:00,FR04014,no2,43.9,µg/m³
687,687,Paris,FR,2019-05-20 09:00:00+00:00,FR04014,no2,45.5,µg/m³
688,688,Paris,FR,2019-05-20 08:00:00+00:00,FR04014,no2,46.1,µg/m³
689,689,Paris,FR,2019-05-20 07:00:00+00:00,FR04014,no2,46.9,µg/m³
690,690,Paris,FR,2019-05-20 06:00:00+00:00,FR04014,no2,40.1,µg/m³
691,691,Paris,FR,2019-05-20 05:00:00+00:00,FR04014,no2,25.2,µg/m³
692,692,Paris,FR,2019-05-20 04:00:00+00:00,FR04014,no2,14.9,µg/m³
693,693,Paris,FR,2019-05-20 03:00:00+00:00,FR04014,no2,12.6,µg/m³
694,694,Paris,FR,2019-05-20 02:00:00+00:00,FR04014,no2,12.1,µg/m³
695,695,Paris,FR,2019-05-20 01:00:00+00:00,FR04014,no2,12.8,µg/m³
696,696,Paris,FR,2019-05-20 00:00:00+00:00,FR04014,no2,16.4,µg/m³
697,697,Paris,FR,2019-05-19 23:00:00+00:00,FR04014,no2,18.8,µg/m³
698,698,Paris,FR,2019-05-19 22:00:00+00:00,FR04014,no2,22.2,µg/m³
699,699,Paris,FR,2019-05-19 21:00:00+00:00,FR04014,no2,23.2,µg/m³
700,700,Paris,FR,2019-05-19 20:00:00+00:00,FR04014,no2,35.6,µg/m³
701,701,Paris,FR,2019-05-19 19:00:00+00:00,FR04014,no2,51.2,µg/m³
702,702,Paris,FR,2019-05-19 18:00:00+00:00,FR04014,no2,32.7,µg/m³
703,703,Paris,FR,2019-05-19 17:00:00+00:00,FR04014,no2,33.9,µg/m³
704,704,Paris,FR,2019-05-19 16:00:00+00:00,FR04014,no2,32.5,µg/m³
705,705,Paris,FR,2019-05-19 15:00:00+00:00,FR04014,no2,31.7,µg/m³
706,706,Paris,FR,2019-05-19 14:00:00+00:00,FR04014,no2,23.8,µg/m³
707,707,Paris,FR,2019-05-19 13:00:00+00:00,FR04014,no2,21.0,µg/m³
708,708,Paris,FR,2019-05-19 12:00:00+00:00,FR04014,no2,27.9,µg/m³
709,709,Paris,FR,2019-05-19 11:00:00+00:00,FR04014,no2,32.6,µg/m³
710,710,Paris,FR,2019-05-19 10:00:00+00:00,FR04014,no2,31.0,µg/m³
711,711,Paris,FR,2019-05-19 09:00:00+00:00,FR04014,no2,33.0,µg/m³
712,712,Paris,FR,2019-05-19 08:00:00+00:00,FR04014,no2,31.7,µg/m³
713,713,Paris,FR,2019-05-19 07:00:00+00:00,FR04014,no2,32.4,µg/m³
714,714,Paris,FR,2019-05-19 06:00:00+00:00,FR04014,no2,31.1,µg/m³
715,715,Paris,FR,2019-05-19 05:00:00+00:00,FR04014,no2,40.9,µg/m³
716,716,Paris,FR,2019-05-19 04:00:00+00:00,FR04014,no2,39.4,µg/m³
717,717,Paris,FR,2019-05-19 03:00:00+00:00,FR04014,no2,36.4,µg/m³
718,718,Paris,FR,2019-05-19 02:00:00+00:00,FR04014,no2,38.1,µg/m³
719,719,Paris,FR,2019-05-19 01:00:00+00:00,FR04014,no2,34.9,µg/m³
720,720,Paris,FR,2019-05-19 00:00:00+00:00,FR04014,no2,49.6,µg/m³
721,721,Paris,FR,2019-05-18 23:00:00+00:00,FR04014,no2,50.2,µg/m³
722,722,Paris,FR,2019-05-18 22:00:00+00:00,FR04014,no2,62.5,µg/m³
723,723,Paris,FR,2019-05-18 21:00:00+00:00,FR04014,no2,59.3,µg/m³
724,724,Paris,FR,2019-05-18 20:00:00+00:00,FR04014,no2,36.2,µg/m³
725,725,Paris,FR,2019-05-18 19:00:00+00:00,FR04014,no2,67.5,µg/m³
726,726,Paris,FR,2019-05-18 18:00:00+00:00,FR04014,no2,14.5,µg/m³
727,727,Paris,FR,2019-05-18 17:00:00+00:00,FR04014,no2,12.8,µg/m³
728,728,Paris,FR,2019-05-18 16:00:00+00:00,FR04014,no2,14.6,µg/m³
729,729,Paris,FR,2019-05-18 15:00:00+00:00,FR04014,no2,13.0,µg/m³
730,730,Paris,FR,2019-05-18 14:00:00+00:00,FR04014,no2,11.8,µg/m³
731,731,Paris,FR,2019-05-18 13:00:00+00:00,FR04014,no2,10.5,µg/m³
732,732,Paris,FR,2019-05-18 12:00:00+00:00,FR04014,no2,12.9,µg/m³
733,733,Paris,FR,2019-05-18 11:00:00+00:00,FR04014,no2,17.5,µg/m³
734,734,Paris,FR,2019-05-18 10:00:00+00:00,FR04014,no2,24.1,µg/m³
735,735,Paris,FR,2019-05-18 09:00:00+00:00,FR04014,no2,21.1,µg/m³
736,736,Paris,FR,2019-05-18 08:00:00+00:00,FR04014,no2,20.4,µg/m³
737,737,Paris,FR,2019-05-18 07:00:00+00:00,FR04014,no2,27.4,µg/m³
738,738,Paris,FR,2019-05-18 06:00:00+00:00,FR04014,no2,22.1,µg/m³
739,739,Paris,FR,2019-05-18 05:00:00+00:00,FR04014,no2,20.1,µg/m³
740,740,Paris,FR,2019-05-18 04:00:00+00:00,FR04014,no2,16.6,µg/m³
741,741,Paris,FR,2019-05-18 03:00:00+00:00,FR04014,no2,16.1,µg/m³
742,742,Paris,FR,2019-05-18 02:00:00+00:00,FR04014,no2,29.0,µg/m³
743,743,Paris,FR,2019-05-18 01:00:00+00:00,FR04014,no2,37.4,µg/m³
744,744,Paris,FR,2019-05-18 00:00:00+00:00,FR04014,no2,31.5,µg/m³
745,745,Paris,FR,2019-05-17 23:00:00+00:00,FR04014,no2,34.1,µg/m³
746,746,Paris,FR,2019-05-17 22:00:00+00:00,FR04014,no2,28.2,µg/m³
747,747,Paris,FR,2019-05-17 21:00:00+00:00,FR04014,no2,24.3,µg/m³
748,748,Paris,FR,2019-05-17 20:00:00+00:00,FR04014,no2,23.5,µg/m³
749,749,Paris,FR,2019-05-17 19:00:00+00:00,FR04014,no2,24.7,µg/m³
750,750,Paris,FR,2019-05-17 18:00:00+00:00,FR04014,no2,33.6,µg/m³
751,751,Paris,FR,2019-05-17 17:00:00+00:00,FR04014,no2,27.9,µg/m³
752,752,Paris,FR,2019-05-17 16:00:00+00:00,FR04014,no2,20.7,µg/m³
753,753,Paris,FR,2019-05-17 15:00:00+00:00,FR04014,no2,22.2,µg/m³
754,754,Paris,FR,2019-05-17 14:00:00+00:00,FR04014,no2,27.0,µg/m³
755,755,Paris,FR,2019-05-17 13:00:00+00:00,FR04014,no2,37.9,µg/m³
756,756,Paris,FR,2019-05-17 12:00:00+00:00,FR04014,no2,46.5,µg/m³
757,757,Paris,FR,2019-05-17 11:00:00+00:00,FR04014,no2,43.1,µg/m³
758,758,Paris,FR,2019-05-17 10:00:00+00:00,FR04014,no2,51.5,µg/m³
759,759,Paris,FR,2019-05-17 09:00:00+00:00,FR04014,no2,60.5,µg/m³
760,760,Paris,FR,2019-05-17 08:00:00+00:00,FR04014,no2,57.5,µg/m³
761,761,Paris,FR,2019-05-17 07:00:00+00:00,FR04014,no2,55.0,µg/m³
762,762,Paris,FR,2019-05-17 06:00:00+00:00,FR04014,no2,46.3,µg/m³
763,763,Paris,FR,2019-05-17 05:00:00+00:00,FR04014,no2,34.0,µg/m³
764,764,Paris,FR,2019-05-17 04:00:00+00:00,FR04014,no2,28.4,µg/m³
765,765,Paris,FR,2019-05-17 03:00:00+00:00,FR04014,no2,26.6,µg/m³
766,766,Paris,FR,2019-05-17 02:00:00+00:00,FR04014,no2,24.6,µg/m³
767,767,Paris,FR,2019-05-17 01:00:00+00:00,FR04014,no2,26.1,µg/m³
768,768,Paris,FR,2019-05-17 00:00:00+00:00,FR04014,no2,46.3,µg/m³
769,769,Paris,FR,2019-05-16 23:00:00+00:00,FR04014,no2,43.7,µg/m³
770,770,Paris,FR,2019-05-16 22:00:00+00:00,FR04014,no2,37.1,µg/m³
771,771,Paris,FR,2019-05-16 21:00:00+00:00,FR04014,no2,24.3,µg/m³
772,772,Paris,FR,2019-05-16 20:00:00+00:00,FR04014,no2,24.8,µg/m³
773,773,Paris,FR,2019-05-16 19:00:00+00:00,FR04014,no2,14.4,µg/m³
774,774,Paris,FR,2019-05-16 18:00:00+00:00,FR04014,no2,15.9,µg/m³
775,775,Paris,FR,2019-05-16 17:00:00+00:00,FR04014,no2,13.5,µg/m³
776,776,Paris,FR,2019-05-16 16:00:00+00:00,FR04014,no2,10.3,µg/m³
777,777,Paris,FR,2019-05-16 15:00:00+00:00,FR04014,no2,10.1,µg/m³
778,778,Paris,FR,2019-05-16 14:00:00+00:00,FR04014,no2,8.1,µg/m³
779,779,Paris,FR,2019-05-16 13:00:00+00:00,FR04014,no2,8.5,µg/m³
780,780,Paris,FR,2019-05-16 12:00:00+00:00,FR04014,no2,9.2,µg/m³
781,781,Paris,FR,2019-05-16 11:00:00+00:00,FR04014,no2,10.5,µg/m³
782,782,Paris,FR,2019-05-16 10:00:00+00:00,FR04014,no2,13.5,µg/m³
783,783,Paris,FR,2019-05-16 09:00:00+00:00,FR04014,no2,29.5,µg/m³
784,784,Paris,FR,2019-05-16 08:00:00+00:00,FR04014,no2,39.4,µg/m³
785,785,Paris,FR,2019-05-16 07:00:00+00:00,FR04014,no2,40.0,µg/m³
786,786,Paris,FR,2019-05-16 05:00:00+00:00,FR04014,no2,52.6,µg/m³
787,787,Paris,FR,2019-05-16 04:00:00+00:00,FR04014,no2,37.0,µg/m³
788,788,Paris,FR,2019-05-16 03:00:00+00:00,FR04014,no2,27.9,µg/m³
789,789,Paris,FR,2019-05-16 02:00:00+00:00,FR04014,no2,26.7,µg/m³
790,790,Paris,FR,2019-05-16 01:00:00+00:00,FR04014,no2,26.0,µg/m³
791,791,Paris,FR,2019-05-16 00:00:00+00:00,FR04014,no2,27.4,µg/m³
792,792,Paris,FR,2019-05-15 23:00:00+00:00,FR04014,no2,30.9,µg/m³
793,793,Paris,FR,2019-05-15 22:00:00+00:00,FR04014,no2,44.1,µg/m³
794,794,Paris,FR,2019-05-15 21:00:00+00:00,FR04014,no2,36.0,µg/m³
795,795,Paris,FR,2019-05-15 20:00:00+00:00,FR04014,no2,30.1,µg/m³
796,796,Paris,FR,2019-05-15 19:00:00+00:00,FR04014,no2,20.3,µg/m³
797,797,Paris,FR,2019-05-15 18:00:00+00:00,FR04014,no2,16.5,µg/m³
798,798,Paris,FR,2019-05-15 17:00:00+00:00,FR04014,no2,12.9,µg/m³
799,799,Paris,FR,2019-05-15 16:00:00+00:00,FR04014,no2,12.2,µg/m³
800,800,Paris,FR,2019-05-15 15:00:00+00:00,FR04014,no2,12.9,µg/m³
801,801,Paris,FR,2019-05-15 14:00:00+00:00,FR04014,no2,11.9,µg/m³
802,802,Paris,FR,2019-05-15 13:00:00+00:00,FR04014,no2,10.0,µg/m³
803,803,Paris,FR,2019-05-15 12:00:00+00:00,FR04014,no2,9.4,µg/m³
804,804,Paris,FR,2019-05-15 11:00:00+00:00,FR04014,no2,0.0,µg/m³
805,805,Paris,FR,2019-05-15 10:00:00+00:00,FR04014,no2,0.0,µg/m³
806,806,Paris,FR,2019-05-15 09:00:00+00:00,FR04014,no2,0.0,µg/m³
807,807,Paris,FR,2019-05-15 08:00:00+00:00,FR04014,no2,25.7,µg/m³
808,808,Paris,FR,2019-05-15 07:00:00+00:00,FR04014,no2,32.1,µg/m³
809,809,Paris,FR,2019-05-15 06:00:00+00:00,FR04014,no2,48.1,µg/m³
810,810,Paris,FR,2019-05-15 05:00:00+00:00,FR04014,no2,46.5,µg/m³
811,811,Paris,FR,2019-05-15 04:00:00+00:00,FR04014,no2,28.9,µg/m³
812,812,Paris,FR,2019-05-15 03:00:00+00:00,FR04014,no2,17.9,µg/m³
813,813,Paris,FR,2019-05-15 02:00:00+00:00,FR04014,no2,16.8,µg/m³
814,814,Paris,FR,2019-05-15 01:00:00+00:00,FR04014,no2,17.2,µg/m³
815,815,Paris,FR,2019-05-15 00:00:00+00:00,FR04014,no2,18.8,µg/m³
816,816,Paris,FR,2019-05-14 23:00:00+00:00,FR04014,no2,24.3,µg/m³
817,817,Paris,FR,2019-05-14 22:00:00+00:00,FR04014,no2,30.9,µg/m³
818,818,Paris,FR,2019-05-14 21:00:00+00:00,FR04014,no2,29.0,µg/m³
819,819,Paris,FR,2019-05-14 20:00:00+00:00,FR04014,no2,28.4,µg/m³
820,820,Paris,FR,2019-05-14 19:00:00+00:00,FR04014,no2,23.3,µg/m³
821,821,Paris,FR,2019-05-14 18:00:00+00:00,FR04014,no2,17.9,µg/m³
822,822,Paris,FR,2019-05-14 17:00:00+00:00,FR04014,no2,17.7,µg/m³
823,823,Paris,FR,2019-05-14 16:00:00+00:00,FR04014,no2,15.3,µg/m³
824,824,Paris,FR,2019-05-14 15:00:00+00:00,FR04014,no2,13.4,µg/m³
825,825,Paris,FR,2019-05-14 14:00:00+00:00,FR04014,no2,15.2,µg/m³
826,826,Paris,FR,2019-05-14 13:00:00+00:00,FR04014,no2,11.0,µg/m³
827,827,Paris,FR,2019-05-14 12:00:00+00:00,FR04014,no2,10.2,µg/m³
828,828,Paris,FR,2019-05-14 11:00:00+00:00,FR04014,no2,11.3,µg/m³
829,829,Paris,FR,2019-05-14 10:00:00+00:00,FR04014,no2,12.9,µg/m³
830,830,Paris,FR,2019-05-14 09:00:00+00:00,FR04014,no2,19.0,µg/m³
831,831,Paris,FR,2019-05-14 08:00:00+00:00,FR04014,no2,28.8,µg/m³
832,832,Paris,FR,2019-05-14 07:00:00+00:00,FR04014,no2,41.3,µg/m³
833,833,Paris,FR,2019-05-14 06:00:00+00:00,FR04014,no2,46.1,µg/m³
834,834,Paris,FR,2019-05-14 05:00:00+00:00,FR04014,no2,38.6,µg/m³
835,835,Paris,FR,2019-05-14 04:00:00+00:00,FR04014,no2,31.6,µg/m³
836,836,Paris,FR,2019-05-14 03:00:00+00:00,FR04014,no2,22.1,µg/m³
837,837,Paris,FR,2019-05-14 02:00:00+00:00,FR04014,no2,19.0,µg/m³
838,838,Paris,FR,2019-05-14 01:00:00+00:00,FR04014,no2,19.1,µg/m³
839,839,Paris,FR,2019-05-14 00:00:00+00:00,FR04014,no2,20.9,µg/m³
840,840,Paris,FR,2019-05-13 23:00:00+00:00,FR04014,no2,22.8,µg/m³
841,841,Paris,FR,2019-05-13 22:00:00+00:00,FR04014,no2,27.3,µg/m³
842,842,Paris,FR,2019-05-13 21:00:00+00:00,FR04014,no2,30.4,µg/m³
843,843,Paris,FR,2019-05-13 20:00:00+00:00,FR04014,no2,28.3,µg/m³
844,844,Paris,FR,2019-05-13 19:00:00+00:00,FR04014,no2,23.9,µg/m³
845,845,Paris,FR,2019-05-13 18:00:00+00:00,FR04014,no2,15.5,µg/m³
846,846,Paris,FR,2019-05-13 17:00:00+00:00,FR04014,no2,13.0,µg/m³
847,847,Paris,FR,2019-05-13 16:00:00+00:00,FR04014,no2,12.1,µg/m³
848,848,Paris,FR,2019-05-13 15:00:00+00:00,FR04014,no2,10.6,µg/m³
849,849,Paris,FR,2019-05-13 14:00:00+00:00,FR04014,no2,10.7,µg/m³
850,850,Paris,FR,2019-05-13 13:00:00+00:00,FR04014,no2,10.1,µg/m³
851,851,Paris,FR,2019-05-13 12:00:00+00:00,FR04014,no2,9.2,µg/m³
852,852,Paris,FR,2019-05-13 11:00:00+00:00,FR04014,no2,9.6,µg/m³
853,853,Paris,FR,2019-05-13 10:00:00+00:00,FR04014,no2,12.8,µg/m³
854,854,Paris,FR,2019-05-13 09:00:00+00:00,FR04014,no2,20.6,µg/m³
855,855,Paris,FR,2019-05-13 08:00:00+00:00,FR04014,no2,32.1,µg/m³
856,856,Paris,FR,2019-05-13 07:00:00+00:00,FR04014,no2,41.0,µg/m³
857,857,Paris,FR,2019-05-13 06:00:00+00:00,FR04014,no2,45.2,µg/m³
858,858,Paris,FR,2019-05-13 05:00:00+00:00,FR04014,no2,38.3,µg/m³
859,859,Paris,FR,2019-05-13 04:00:00+00:00,FR04014,no2,25.1,µg/m³
860,860,Paris,FR,2019-05-13 03:00:00+00:00,FR04014,no2,18.9,µg/m³
861,861,Paris,FR,2019-05-13 02:00:00+00:00,FR04014,no2,18.5,µg/m³
862,862,Paris,FR,2019-05-13 01:00:00+00:00,FR04014,no2,18.9,µg/m³
863,863,Paris,FR,2019-05-13 00:00:00+00:00,FR04014,no2,25.0,µg/m³
864,864,Paris,FR,2019-05-12 23:00:00+00:00,FR04014,no2,32.5,µg/m³
865,865,Paris,FR,2019-05-12 22:00:00+00:00,FR04014,no2,46.5,µg/m³
866,866,Paris,FR,2019-05-12 21:00:00+00:00,FR04014,no2,34.2,µg/m³
867,867,Paris,FR,2019-05-12 20:00:00+00:00,FR04014,no2,24.1,µg/m³
868,868,Paris,FR,2019-05-12 19:00:00+00:00,FR04014,no2,19.5,µg/m³
869,869,Paris,FR,2019-05-12 18:00:00+00:00,FR04014,no2,18.2,µg/m³
870,870,Paris,FR,2019-05-12 17:00:00+00:00,FR04014,no2,13.9,µg/m³
871,871,Paris,FR,2019-05-12 16:00:00+00:00,FR04014,no2,11.7,µg/m³
872,872,Paris,FR,2019-05-12 15:00:00+00:00,FR04014,no2,9.6,µg/m³
873,873,Paris,FR,2019-05-12 14:00:00+00:00,FR04014,no2,9.1,µg/m³
874,874,Paris,FR,2019-05-12 13:00:00+00:00,FR04014,no2,8.7,µg/m³
875,875,Paris,FR,2019-05-12 12:00:00+00:00,FR04014,no2,10.9,µg/m³
876,876,Paris,FR,2019-05-12 11:00:00+00:00,FR04014,no2,11.4,µg/m³
877,877,Paris,FR,2019-05-12 10:00:00+00:00,FR04014,no2,11.4,µg/m³
878,878,Paris,FR,2019-05-12 09:00:00+00:00,FR04014,no2,11.7,µg/m³
879,879,Paris,FR,2019-05-12 08:00:00+00:00,FR04014,no2,14.6,µg/m³
880,880,Paris,FR,2019-05-12 07:00:00+00:00,FR04014,no2,15.9,µg/m³
881,881,Paris,FR,2019-05-12 06:00:00+00:00,FR04014,no2,20.1,µg/m³
882,882,Paris,FR,2019-05-12 05:00:00+00:00,FR04014,no2,19.2,µg/m³
883,883,Paris,FR,2019-05-12 04:00:00+00:00,FR04014,no2,16.2,µg/m³
884,884,Paris,FR,2019-05-12 03:00:00+00:00,FR04014,no2,16.0,µg/m³
885,885,Paris,FR,2019-05-12 02:00:00+00:00,FR04014,no2,17.2,µg/m³
886,886,Paris,FR,2019-05-12 01:00:00+00:00,FR04014,no2,19.2,µg/m³
887,887,Paris,FR,2019-05-12 00:00:00+00:00,FR04014,no2,22.8,µg/m³
888,888,Paris,FR,2019-05-11 23:00:00+00:00,FR04014,no2,26.4,µg/m³
889,889,Paris,FR,2019-05-11 22:00:00+00:00,FR04014,no2,27.7,µg/m³
890,890,Paris,FR,2019-05-11 21:00:00+00:00,FR04014,no2,21.1,µg/m³
891,891,Paris,FR,2019-05-11 20:00:00+00:00,FR04014,no2,24.2,µg/m³
892,892,Paris,FR,2019-05-11 19:00:00+00:00,FR04014,no2,31.2,µg/m³
893,893,Paris,FR,2019-05-11 18:00:00+00:00,FR04014,no2,33.1,µg/m³
894,894,Paris,FR,2019-05-11 17:00:00+00:00,FR04014,no2,32.0,µg/m³
895,895,Paris,FR,2019-05-11 16:00:00+00:00,FR04014,no2,19.5,µg/m³
896,896,Paris,FR,2019-05-11 15:00:00+00:00,FR04014,no2,18.0,µg/m³
897,897,Paris,FR,2019-05-11 14:00:00+00:00,FR04014,no2,17.8,µg/m³
898,898,Paris,FR,2019-05-11 13:00:00+00:00,FR04014,no2,30.8,µg/m³
899,899,Paris,FR,2019-05-11 12:00:00+00:00,FR04014,no2,30.2,µg/m³
900,900,Paris,FR,2019-05-11 11:00:00+00:00,FR04014,no2,33.2,µg/m³
901,901,Paris,FR,2019-05-11 10:00:00+00:00,FR04014,no2,36.8,µg/m³
902,902,Paris,FR,2019-05-11 09:00:00+00:00,FR04014,no2,35.7,µg/m³
903,903,Paris,FR,2019-05-11 08:00:00+00:00,FR04014,no2,32.1,µg/m³
904,904,Paris,FR,2019-05-11 07:00:00+00:00,FR04014,no2,29.0,µg/m³
905,905,Paris,FR,2019-05-11 06:00:00+00:00,FR04014,no2,28.9,µg/m³
906,906,Paris,FR,2019-05-11 02:00:00+00:00,FR04014,no2,14.9,µg/m³
907,907,Paris,FR,2019-05-11 01:00:00+00:00,FR04014,no2,15.5,µg/m³
908,908,Paris,FR,2019-05-11 00:00:00+00:00,FR04014,no2,24.8,µg/m³
909,909,Paris,FR,2019-05-10 23:00:00+00:00,FR04014,no2,26.0,µg/m³
910,910,Paris,FR,2019-05-10 22:00:00+00:00,FR04014,no2,28.1,µg/m³
911,911,Paris,FR,2019-05-10 21:00:00+00:00,FR04014,no2,37.0,µg/m³
912,912,Paris,FR,2019-05-10 20:00:00+00:00,FR04014,no2,43.6,µg/m³
913,913,Paris,FR,2019-05-10 19:00:00+00:00,FR04014,no2,39.3,µg/m³
914,914,Paris,FR,2019-05-10 18:00:00+00:00,FR04014,no2,33.4,µg/m³
915,915,Paris,FR,2019-05-10 17:00:00+00:00,FR04014,no2,37.8,µg/m³
916,916,Paris,FR,2019-05-10 16:00:00+00:00,FR04014,no2,30.8,µg/m³
917,917,Paris,FR,2019-05-10 15:00:00+00:00,FR04014,no2,29.6,µg/m³
918,918,Paris,FR,2019-05-10 14:00:00+00:00,FR04014,no2,29.3,µg/m³
919,919,Paris,FR,2019-05-10 13:00:00+00:00,FR04014,no2,22.0,µg/m³
920,920,Paris,FR,2019-05-10 12:00:00+00:00,FR04014,no2,25.3,µg/m³
921,921,Paris,FR,2019-05-10 11:00:00+00:00,FR04014,no2,23.2,µg/m³
922,922,Paris,FR,2019-05-10 10:00:00+00:00,FR04014,no2,35.1,µg/m³
923,923,Paris,FR,2019-05-10 09:00:00+00:00,FR04014,no2,53.4,µg/m³
924,924,Paris,FR,2019-05-10 08:00:00+00:00,FR04014,no2,60.7,µg/m³
925,925,Paris,FR,2019-05-10 07:00:00+00:00,FR04014,no2,57.3,µg/m³
926,926,Paris,FR,2019-05-10 06:00:00+00:00,FR04014,no2,47.4,µg/m³
927,927,Paris,FR,2019-05-10 05:00:00+00:00,FR04014,no2,37.8,µg/m³
928,928,Paris,FR,2019-05-10 04:00:00+00:00,FR04014,no2,20.5,µg/m³
929,929,Paris,FR,2019-05-10 03:00:00+00:00,FR04014,no2,15.0,µg/m³
930,930,Paris,FR,2019-05-10 02:00:00+00:00,FR04014,no2,14.1,µg/m³
931,931,Paris,FR,2019-05-10 01:00:00+00:00,FR04014,no2,19.1,µg/m³
932,932,Paris,FR,2019-05-10 00:00:00+00:00,FR04014,no2,22.7,µg/m³
933,933,Paris,FR,2019-05-09 23:00:00+00:00,FR04014,no2,26.7,µg/m³
934,934,Paris,FR,2019-05-09 22:00:00+00:00,FR04014,no2,29.7,µg/m³
935,935,Paris,FR,2019-05-09 21:00:00+00:00,FR04014,no2,34.5,µg/m³
936,936,Paris,FR,2019-05-09 20:00:00+00:00,FR04014,no2,29.2,µg/m³
937,937,Paris,FR,2019-05-09 19:00:00+00:00,FR04014,no2,23.8,µg/m³
938,938,Paris,FR,2019-05-09 18:00:00+00:00,FR04014,no2,24.4,µg/m³
939,939,Paris,FR,2019-05-09 17:00:00+00:00,FR04014,no2,29.9,µg/m³
940,940,Paris,FR,2019-05-09 16:00:00+00:00,FR04014,no2,27.0,µg/m³
941,941,Paris,FR,2019-05-09 15:00:00+00:00,FR04014,no2,23.9,µg/m³
942,942,Paris,FR,2019-05-09 14:00:00+00:00,FR04014,no2,24.6,µg/m³
943,943,Paris,FR,2019-05-09 13:00:00+00:00,FR04014,no2,21.3,µg/m³
944,944,Paris,FR,2019-05-09 12:00:00+00:00,FR04014,no2,35.1,µg/m³
945,945,Paris,FR,2019-05-09 11:00:00+00:00,FR04014,no2,34.2,µg/m³
946,946,Paris,FR,2019-05-09 10:00:00+00:00,FR04014,no2,43.1,µg/m³
947,947,Paris,FR,2019-05-09 09:00:00+00:00,FR04014,no2,32.3,µg/m³
948,948,Paris,FR,2019-05-09 08:00:00+00:00,FR04014,no2,32.2,µg/m³
949,949,Paris,FR,2019-05-09 07:00:00+00:00,FR04014,no2,49.0,µg/m³
950,950,Paris,FR,2019-05-09 06:00:00+00:00,FR04014,no2,50.7,µg/m³
951,951,Paris,FR,2019-05-09 05:00:00+00:00,FR04014,no2,34.5,µg/m³
952,952,Paris,FR,2019-05-09 04:00:00+00:00,FR04014,no2,15.3,µg/m³
953,953,Paris,FR,2019-05-09 03:00:00+00:00,FR04014,no2,10.4,µg/m³
954,954,Paris,FR,2019-05-09 02:00:00+00:00,FR04014,no2,10.0,µg/m³
955,955,Paris,FR,2019-05-09 01:00:00+00:00,FR04014,no2,10.6,µg/m³
956,956,Paris,FR,2019-05-09 00:00:00+00:00,FR04014,no2,14.7,µg/m³
957,957,Paris,FR,2019-05-08 23:00:00+00:00,FR04014,no2,25.2,µg/m³
958,958,Paris,FR,2019-05-08 22:00:00+00:00,FR04014,no2,32.2,µg/m³
959,959,Paris,FR,2019-05-08 21:00:00+00:00,FR04014,no2,48.9,µg/m³
960,960,Paris,FR,2019-05-08 20:00:00+00:00,FR04014,no2,38.3,µg/m³
961,961,Paris,FR,2019-05-08 19:00:00+00:00,FR04014,no2,41.3,µg/m³
962,962,Paris,FR,2019-05-08 18:00:00+00:00,FR04014,no2,27.8,µg/m³
963,963,Paris,FR,2019-05-08 17:00:00+00:00,FR04014,no2,29.3,µg/m³
964,964,Paris,FR,2019-05-08 16:00:00+00:00,FR04014,no2,38.6,µg/m³
965,965,Paris,FR,2019-05-08 15:00:00+00:00,FR04014,no2,26.0,µg/m³
966,966,Paris,FR,2019-05-08 14:00:00+00:00,FR04014,no2,25.3,µg/m³
967,967,Paris,FR,2019-05-08 13:00:00+00:00,FR04014,no2,14.3,µg/m³
968,968,Paris,FR,2019-05-08 12:00:00+00:00,FR04014,no2,15.1,µg/m³
969,969,Paris,FR,2019-05-08 11:00:00+00:00,FR04014,no2,21.4,µg/m³
970,970,Paris,FR,2019-05-08 10:00:00+00:00,FR04014,no2,33.4,µg/m³
971,971,Paris,FR,2019-05-08 09:00:00+00:00,FR04014,no2,19.7,µg/m³
972,972,Paris,FR,2019-05-08 08:00:00+00:00,FR04014,no2,17.0,µg/m³
973,973,Paris,FR,2019-05-08 07:00:00+00:00,FR04014,no2,19.5,µg/m³
974,974,Paris,FR,2019-05-08 06:00:00+00:00,FR04014,no2,21.7,µg/m³
975,975,Paris,FR,2019-05-08 05:00:00+00:00,FR04014,no2,19.3,µg/m³
976,976,Paris,FR,2019-05-08 04:00:00+00:00,FR04014,no2,15.5,µg/m³
977,977,Paris,FR,2019-05-08 03:00:00+00:00,FR04014,no2,13.5,µg/m³
978,978,Paris,FR,2019-05-08 02:00:00+00:00,FR04014,no2,15.3,µg/m³
979,979,Paris,FR,2019-05-08 01:00:00+00:00,FR04014,no2,19.6,µg/m³
980,980,Paris,FR,2019-05-08 00:00:00+00:00,FR04014,no2,22.1,µg/m³
981,981,Paris,FR,2019-05-07 23:00:00+00:00,FR04014,no2,34.0,µg/m³
982,982,Paris,FR,2019-05-07 22:00:00+00:00,FR04014,no2,35.8,µg/m³
983,983,Paris,FR,2019-05-07 21:00:00+00:00,FR04014,no2,33.9,µg/m³
984,984,Paris,FR,2019-05-07 20:00:00+00:00,FR04014,no2,36.2,µg/m³
985,985,Paris,FR,2019-05-07 19:00:00+00:00,FR04014,no2,26.8,µg/m³
986,986,Paris,FR,2019-05-07 18:00:00+00:00,FR04014,no2,21.4,µg/m³
987,987,Paris,FR,2019-05-07 17:00:00+00:00,FR04014,no2,22.3,µg/m³
988,988,Paris,FR,2019-05-07 16:00:00+00:00,FR04014,no2,18.2,µg/m³
989,989,Paris,FR,2019-05-07 15:00:00+00:00,FR04014,no2,11.7,µg/m³
990,990,Paris,FR,2019-05-07 14:00:00+00:00,FR04014,no2,11.0,µg/m³
991,991,Paris,FR,2019-05-07 13:00:00+00:00,FR04014,no2,13.2,µg/m³
992,992,Paris,FR,2019-05-07 12:00:00+00:00,FR04014,no2,10.6,µg/m³
993,993,Paris,FR,2019-05-07 11:00:00+00:00,FR04014,no2,13.0,µg/m³
994,994,Paris,FR,2019-05-07 10:00:00+00:00,FR04014,no2,20.1,µg/m³
995,995,Paris,FR,2019-05-07 09:00:00+00:00,FR04014,no2,34.5,µg/m³
996,996,Paris,FR,2019-05-07 08:00:00+00:00,FR04014,no2,56.0,µg/m³
997,997,Paris,FR,2019-05-07 07:00:00+00:00,FR04014,no2,67.9,µg/m³
998,998,Paris,FR,2019-05-07 06:00:00+00:00,FR04014,no2,77.7,µg/m³
999,999,Paris,FR,2019-05-07 05:00:00+00:00,FR04014,no2,72.4,µg/m³
1000,1000,Paris,FR,2019-05-07 04:00:00+00:00,FR04014,no2,61.9,µg/m³
1001,1001,Paris,FR,2019-05-07 03:00:00+00:00,FR04014,no2,50.4,µg/m³
1002,1002,Paris,FR,2019-05-07 02:00:00+00:00,FR04014,no2,27.7,µg/m³
1003,1003,Paris,FR,2019-05-07 01:00:00+00:00,FR04014,no2,25.0,µg/m³
1004,1004,Antwerpen,BE,2019-06-17 08:00:00+00:00,BETR801,no2,41.0,µg/m³
1005,1005,Antwerpen,BE,2019-06-17 07:00:00+00:00,BETR801,no2,45.0,µg/m³
1006,1006,Antwerpen,BE,2019-06-17 06:00:00+00:00,BETR801,no2,43.5,µg/m³
1007,1007,Antwerpen,BE,2019-06-17 05:00:00+00:00,BETR801,no2,42.5,µg/m³
1008,1008,Antwerpen,BE,2019-06-17 04:00:00+00:00,BETR801,no2,39.5,µg/m³
1009,1009,Antwerpen,BE,2019-06-17 03:00:00+00:00,BETR801,no2,36.0,µg/m³
1010,1010,Antwerpen,BE,2019-06-17 02:00:00+00:00,BETR801,no2,35.5,µg/m³
1011,1011,Antwerpen,BE,2019-06-17 01:00:00+00:00,BETR801,no2,42.0,µg/m³
1012,1012,Antwerpen,BE,2019-06-16 01:00:00+00:00,BETR801,no2,42.5,µg/m³
1013,1013,Antwerpen,BE,2019-06-15 01:00:00+00:00,BETR801,no2,17.5,µg/m³
1014,1014,Antwerpen,BE,2019-06-14 09:00:00+00:00,BETR801,no2,36.5,µg/m³
1015,1015,Antwerpen,BE,2019-06-13 01:00:00+00:00,BETR801,no2,28.5,µg/m³
1016,1016,Antwerpen,BE,2019-06-12 01:00:00+00:00,BETR801,no2,21.0,µg/m³
1017,1017,Antwerpen,BE,2019-06-11 01:00:00+00:00,BETR801,no2,7.5,µg/m³
1018,1018,Antwerpen,BE,2019-06-10 01:00:00+00:00,BETR801,no2,18.5,µg/m³
1019,1019,Antwerpen,BE,2019-06-09 01:00:00+00:00,BETR801,no2,10.0,µg/m³
1020,1020,Antwerpen,BE,2019-06-05 01:00:00+00:00,BETR801,no2,15.0,µg/m³
1021,1021,Antwerpen,BE,2019-06-01 01:00:00+00:00,BETR801,no2,52.5,µg/m³
1022,1022,Antwerpen,BE,2019-05-31 01:00:00+00:00,BETR801,no2,9.0,µg/m³
1023,1023,Antwerpen,BE,2019-05-30 01:00:00+00:00,BETR801,no2,7.5,µg/m³
1024,1024,Antwerpen,BE,2019-05-29 01:00:00+00:00,BETR801,no2,21.0,µg/m³
1025,1025,Antwerpen,BE,2019-05-28 01:00:00+00:00,BETR801,no2,11.0,µg/m³
1026,1026,Antwerpen,BE,2019-05-27 01:00:00+00:00,BETR801,no2,10.5,µg/m³
1027,1027,Antwerpen,BE,2019-05-26 01:00:00+00:00,BETR801,no2,53.0,µg/m³
1028,1028,Antwerpen,BE,2019-05-25 01:00:00+00:00,BETR801,no2,29.0,µg/m³
1029,1029,Antwerpen,BE,2019-05-24 01:00:00+00:00,BETR801,no2,74.5,µg/m³
1030,1030,Antwerpen,BE,2019-05-23 01:00:00+00:00,BETR801,no2,60.5,µg/m³
1031,1031,Antwerpen,BE,2019-05-22 01:00:00+00:00,BETR801,no2,20.5,µg/m³
1032,1032,Antwerpen,BE,2019-05-21 01:00:00+00:00,BETR801,no2,15.5,µg/m³
1033,1033,Antwerpen,BE,2019-05-20 15:00:00+00:00,BETR801,no2,25.5,µg/m³
1034,1034,Antwerpen,BE,2019-05-20 14:00:00+00:00,BETR801,no2,24.5,µg/m³
1035,1035,Antwerpen,BE,2019-05-20 13:00:00+00:00,BETR801,no2,32.0,µg/m³
1036,1036,Antwerpen,BE,2019-05-20 12:00:00+00:00,BETR801,no2,34.5,µg/m³
1037,1037,Antwerpen,BE,2019-05-20 11:00:00+00:00,BETR801,no2,25.0,µg/m³
1038,1038,Antwerpen,BE,2019-05-20 10:00:00+00:00,BETR801,no2,25.0,µg/m³
1039,1039,Antwerpen,BE,2019-05-20 09:00:00+00:00,BETR801,no2,30.5,µg/m³
1040,1040,Antwerpen,BE,2019-05-20 08:00:00+00:00,BETR801,no2,40.0,µg/m³
1041,1041,Antwerpen,BE,2019-05-20 07:00:00+00:00,BETR801,no2,38.0,µg/m³
1042,1042,Antwerpen,BE,2019-05-20 06:00:00+00:00,BETR801,no2,26.0,µg/m³
1043,1043,Antwerpen,BE,2019-05-20 05:00:00+00:00,BETR801,no2,20.0,µg/m³
1044,1044,Antwerpen,BE,2019-05-20 04:00:00+00:00,BETR801,no2,14.0,µg/m³
1045,1045,Antwerpen,BE,2019-05-20 03:00:00+00:00,BETR801,no2,9.0,µg/m³
1046,1046,Antwerpen,BE,2019-05-20 02:00:00+00:00,BETR801,no2,10.5,µg/m³
1047,1047,Antwerpen,BE,2019-05-20 01:00:00+00:00,BETR801,no2,17.0,µg/m³
1048,1048,Antwerpen,BE,2019-05-20 00:00:00+00:00,BETR801,no2,26.0,µg/m³
1049,1049,Antwerpen,BE,2019-05-19 23:00:00+00:00,BETR801,no2,16.5,µg/m³
1050,1050,Antwerpen,BE,2019-05-19 22:00:00+00:00,BETR801,no2,18.5,µg/m³
1051,1051,Antwerpen,BE,2019-05-19 21:00:00+00:00,BETR801,no2,12.5,µg/m³
1052,1052,Antwerpen,BE,2019-05-19 20:00:00+00:00,BETR801,no2,15.0,µg/m³
1053,1053,Antwerpen,BE,2019-05-19 19:00:00+00:00,BETR801,no2,26.0,µg/m³
1054,1054,Antwerpen,BE,2019-05-19 18:00:00+00:00,BETR801,no2,15.5,µg/m³
1055,1055,Antwerpen,BE,2019-05-19 17:00:00+00:00,BETR801,no2,18.5,µg/m³
1056,1056,Antwerpen,BE,2019-05-19 16:00:00+00:00,BETR801,no2,17.5,µg/m³
1057,1057,Antwerpen,BE,2019-05-19 15:00:00+00:00,BETR801,no2,33.0,µg/m³
1058,1058,Antwerpen,BE,2019-05-19 14:00:00+00:00,BETR801,no2,23.0,µg/m³
1059,1059,Antwerpen,BE,2019-05-19 13:00:00+00:00,BETR801,no2,14.5,µg/m³
1060,1060,Antwerpen,BE,2019-05-19 12:00:00+00:00,BETR801,no2,16.0,µg/m³
1061,1061,Antwerpen,BE,2019-05-19 11:00:00+00:00,BETR801,no2,17.0,µg/m³
1062,1062,Antwerpen,BE,2019-05-19 10:00:00+00:00,BETR801,no2,17.5,µg/m³
1063,1063,Antwerpen,BE,2019-05-19 09:00:00+00:00,BETR801,no2,16.0,µg/m³
1064,1064,Antwerpen,BE,2019-05-19 08:00:00+00:00,BETR801,no2,23.5,µg/m³
1065,1065,Antwerpen,BE,2019-05-19 07:00:00+00:00,BETR801,no2,30.0,µg/m³
1066,1066,Antwerpen,BE,2019-05-19 06:00:00+00:00,BETR801,no2,30.5,µg/m³
1067,1067,Antwerpen,BE,2019-05-19 05:00:00+00:00,BETR801,no2,26.0,µg/m³
1068,1068,Antwerpen,BE,2019-05-19 04:00:00+00:00,BETR801,no2,21.0,µg/m³
1069,1069,Antwerpen,BE,2019-05-19 03:00:00+00:00,BETR801,no2,19.0,µg/m³
1070,1070,Antwerpen,BE,2019-05-19 02:00:00+00:00,BETR801,no2,19.0,µg/m³
1071,1071,Antwerpen,BE,2019-05-19 01:00:00+00:00,BETR801,no2,22.5,µg/m³
1072,1072,Antwerpen,BE,2019-05-19 00:00:00+00:00,BETR801,no2,23.5,µg/m³
1073,1073,Antwerpen,BE,2019-05-18 23:00:00+00:00,BETR801,no2,29.5,µg/m³
1074,1074,Antwerpen,BE,2019-05-18 22:00:00+00:00,BETR801,no2,34.5,µg/m³
1075,1075,Antwerpen,BE,2019-05-18 21:00:00+00:00,BETR801,no2,39.0,µg/m³
1076,1076,Antwerpen,BE,2019-05-18 20:00:00+00:00,BETR801,no2,40.0,µg/m³
1077,1077,Antwerpen,BE,2019-05-18 19:00:00+00:00,BETR801,no2,35.5,µg/m³
1078,1078,Antwerpen,BE,2019-05-18 18:00:00+00:00,BETR801,no2,35.5,µg/m³
1079,1079,Antwerpen,BE,2019-05-18 01:00:00+00:00,BETR801,no2,41.5,µg/m³
1080,1080,Antwerpen,BE,2019-05-16 01:00:00+00:00,BETR801,no2,28.0,µg/m³
1081,1081,Antwerpen,BE,2019-05-15 02:00:00+00:00,BETR801,no2,22.5,µg/m³
1082,1082,Antwerpen,BE,2019-05-15 01:00:00+00:00,BETR801,no2,25.5,µg/m³
1083,1083,Antwerpen,BE,2019-05-14 02:00:00+00:00,BETR801,no2,11.5,µg/m³
1084,1084,Antwerpen,BE,2019-05-14 01:00:00+00:00,BETR801,no2,14.5,µg/m³
1085,1085,Antwerpen,BE,2019-05-13 02:00:00+00:00,BETR801,no2,14.5,µg/m³
1086,1086,Antwerpen,BE,2019-05-13 01:00:00+00:00,BETR801,no2,14.5,µg/m³
1087,1087,Antwerpen,BE,2019-05-12 02:00:00+00:00,BETR801,no2,20.0,µg/m³
1088,1088,Antwerpen,BE,2019-05-12 01:00:00+00:00,BETR801,no2,17.5,µg/m³
1089,1089,Antwerpen,BE,2019-05-11 02:00:00+00:00,BETR801,no2,21.0,µg/m³
1090,1090,Antwerpen,BE,2019-05-11 01:00:00+00:00,BETR801,no2,26.5,µg/m³
1091,1091,Antwerpen,BE,2019-05-10 02:00:00+00:00,BETR801,no2,11.5,µg/m³
1092,1092,Antwerpen,BE,2019-05-10 01:00:00+00:00,BETR801,no2,10.5,µg/m³
1093,1093,Antwerpen,BE,2019-05-09 02:00:00+00:00,BETR801,no2,20.5,µg/m³
1094,1094,Antwerpen,BE,2019-05-09 01:00:00+00:00,BETR801,no2,20.0,µg/m³
1095,1095,Antwerpen,BE,2019-05-08 02:00:00+00:00,BETR801,no2,20.5,µg/m³
1096,1096,Antwerpen,BE,2019-05-08 01:00:00+00:00,BETR801,no2,23.0,µg/m³
1097,1097,Antwerpen,BE,2019-05-07 02:00:00+00:00,BETR801,no2,45.0,µg/m³
1098,1098,Antwerpen,BE,2019-05-07 01:00:00+00:00,BETR801,no2,50.5,µg/m³
1099,1099,London,GB,2019-06-17 11:00:00+00:00,London Westminster,no2,11.0,µg/m³
1100,1100,London,GB,2019-06-17 10:00:00+00:00,London Westminster,no2,11.0,µg/m³
1101,1101,London,GB,2019-06-17 09:00:00+00:00,London Westminster,no2,11.0,µg/m³
1102,1102,London,GB,2019-06-17 08:00:00+00:00,London Westminster,no2,13.0,µg/m³
1103,1103,London,GB,2019-06-17 07:00:00+00:00,London Westminster,no2,13.0,µg/m³
1104,1104,London,GB,2019-06-17 06:00:00+00:00,London Westminster,no2,12.0,µg/m³
1105,1105,London,GB,2019-06-17 05:00:00+00:00,London Westminster,no2,11.0,µg/m³
1106,1106,London,GB,2019-06-17 04:00:00+00:00,London Westminster,no2,11.0,µg/m³
1107,1107,London,GB,2019-06-17 03:00:00+00:00,London Westminster,no2,14.0,µg/m³
1108,1108,London,GB,2019-06-17 02:00:00+00:00,London Westminster,no2,14.0,µg/m³
1109,1109,London,GB,2019-06-17 01:00:00+00:00,London Westminster,no2,17.0,µg/m³
1110,1110,London,GB,2019-06-17 00:00:00+00:00,London Westminster,no2,17.0,µg/m³
1111,1111,London,GB,2019-06-16 23:00:00+00:00,London Westminster,no2,23.0,µg/m³
1112,1112,London,GB,2019-06-16 21:00:00+00:00,London Westminster,no2,25.0,µg/m³
1113,1113,London,GB,2019-06-16 20:00:00+00:00,London Westminster,no2,27.0,µg/m³
1114,1114,London,GB,2019-06-16 19:00:00+00:00,London Westminster,no2,28.0,µg/m³
1115,1115,London,GB,2019-06-16 18:00:00+00:00,London Westminster,no2,28.0,µg/m³
1116,1116,London,GB,2019-06-16 17:00:00+00:00,London Westminster,no2,29.0,µg/m³
1117,1117,London,GB,2019-06-16 16:00:00+00:00,London Westminster,no2,29.0,µg/m³
1118,1118,London,GB,2019-06-16 15:00:00+00:00,London Westminster,no2,26.0,µg/m³
1119,1119,London,GB,2019-06-16 14:00:00+00:00,London Westminster,no2,23.0,µg/m³
1120,1120,London,GB,2019-06-16 13:00:00+00:00,London Westminster,no2,16.0,µg/m³
1121,1121,London,GB,2019-06-16 12:00:00+00:00,London Westminster,no2,10.0,µg/m³
1122,1122,London,GB,2019-06-16 11:00:00+00:00,London Westminster,no2,6.0,µg/m³
1123,1123,London,GB,2019-06-16 10:00:00+00:00,London Westminster,no2,6.0,µg/m³
1124,1124,London,GB,2019-06-16 09:00:00+00:00,London Westminster,no2,5.0,µg/m³
1125,1125,London,GB,2019-06-16 08:00:00+00:00,London Westminster,no2,4.0,µg/m³
1126,1126,London,GB,2019-06-16 07:00:00+00:00,London Westminster,no2,5.0,µg/m³
1127,1127,London,GB,2019-06-16 06:00:00+00:00,London Westminster,no2,8.0,µg/m³
1128,1128,London,GB,2019-06-16 05:00:00+00:00,London Westminster,no2,10.0,µg/m³
1129,1129,London,GB,2019-06-16 04:00:00+00:00,London Westminster,no2,10.0,µg/m³
1130,1130,London,GB,2019-06-16 03:00:00+00:00,London Westminster,no2,12.0,µg/m³
1131,1131,London,GB,2019-06-16 02:00:00+00:00,London Westminster,no2,12.0,µg/m³
1132,1132,London,GB,2019-06-16 01:00:00+00:00,London Westminster,no2,15.0,µg/m³
1133,1133,London,GB,2019-06-16 00:00:00+00:00,London Westminster,no2,15.0,µg/m³
1134,1134,London,GB,2019-06-15 23:00:00+00:00,London Westminster,no2,19.0,µg/m³
1135,1135,London,GB,2019-06-15 22:00:00+00:00,London Westminster,no2,19.0,µg/m³
1136,1136,London,GB,2019-06-15 21:00:00+00:00,London Westminster,no2,20.0,µg/m³
1137,1137,London,GB,2019-06-15 20:00:00+00:00,London Westminster,no2,21.0,µg/m³
1138,1138,London,GB,2019-06-15 19:00:00+00:00,London Westminster,no2,22.0,µg/m³
1139,1139,London,GB,2019-06-15 18:00:00+00:00,London Westminster,no2,22.0,µg/m³
1140,1140,London,GB,2019-06-15 17:00:00+00:00,London Westminster,no2,20.0,µg/m³
1141,1141,London,GB,2019-06-15 16:00:00+00:00,London Westminster,no2,18.0,µg/m³
1142,1142,London,GB,2019-06-15 15:00:00+00:00,London Westminster,no2,18.0,µg/m³
1143,1143,London,GB,2019-06-15 14:00:00+00:00,London Westminster,no2,17.0,µg/m³
1144,1144,London,GB,2019-06-15 13:00:00+00:00,London Westminster,no2,18.0,µg/m³
1145,1145,London,GB,2019-06-15 12:00:00+00:00,London Westminster,no2,13.0,µg/m³
1146,1146,London,GB,2019-06-15 11:00:00+00:00,London Westminster,no2,14.0,µg/m³
1147,1147,London,GB,2019-06-15 10:00:00+00:00,London Westminster,no2,12.0,µg/m³
1148,1148,London,GB,2019-06-15 09:00:00+00:00,London Westminster,no2,8.0,µg/m³
1149,1149,London,GB,2019-06-15 08:00:00+00:00,London Westminster,no2,8.0,µg/m³
1150,1150,London,GB,2019-06-15 07:00:00+00:00,London Westminster,no2,13.0,µg/m³
1151,1151,London,GB,2019-06-15 06:00:00+00:00,London Westminster,no2,13.0,µg/m³
1152,1152,London,GB,2019-06-15 05:00:00+00:00,London Westminster,no2,10.0,µg/m³
1153,1153,London,GB,2019-06-15 04:00:00+00:00,London Westminster,no2,10.0,µg/m³
1154,1154,London,GB,2019-06-15 00:00:00+00:00,London Westminster,no2,26.0,µg/m³
1155,1155,London,GB,2019-06-14 23:00:00+00:00,London Westminster,no2,26.0,µg/m³
1156,1156,London,GB,2019-06-14 22:00:00+00:00,London Westminster,no2,26.0,µg/m³
1157,1157,London,GB,2019-06-14 21:00:00+00:00,London Westminster,no2,25.0,µg/m³
1158,1158,London,GB,2019-06-14 20:00:00+00:00,London Westminster,no2,26.0,µg/m³
1159,1159,London,GB,2019-06-14 19:00:00+00:00,London Westminster,no2,26.0,µg/m³
1160,1160,London,GB,2019-06-14 18:00:00+00:00,London Westminster,no2,27.0,µg/m³
1161,1161,London,GB,2019-06-14 17:00:00+00:00,London Westminster,no2,26.0,µg/m³
1162,1162,London,GB,2019-06-14 16:00:00+00:00,London Westminster,no2,25.0,µg/m³
1163,1163,London,GB,2019-06-14 15:00:00+00:00,London Westminster,no2,25.0,µg/m³
1164,1164,London,GB,2019-06-14 14:00:00+00:00,London Westminster,no2,22.0,µg/m³
1165,1165,London,GB,2019-06-14 13:00:00+00:00,London Westminster,no2,16.0,µg/m³
1166,1166,London,GB,2019-06-14 12:00:00+00:00,London Westminster,no2,15.0,µg/m³
1167,1167,London,GB,2019-06-14 11:00:00+00:00,London Westminster,no2,13.0,µg/m³
1168,1168,London,GB,2019-06-14 10:00:00+00:00,London Westminster,no2,13.0,µg/m³
1169,1169,London,GB,2019-06-14 09:00:00+00:00,London Westminster,no2,14.0,µg/m³
1170,1170,London,GB,2019-06-14 08:00:00+00:00,London Westminster,no2,11.0,µg/m³
1171,1171,London,GB,2019-06-14 07:00:00+00:00,London Westminster,no2,11.0,µg/m³
1172,1172,London,GB,2019-06-14 06:00:00+00:00,London Westminster,no2,13.0,µg/m³
1173,1173,London,GB,2019-06-14 05:00:00+00:00,London Westminster,no2,6.0,µg/m³
1174,1174,London,GB,2019-06-14 04:00:00+00:00,London Westminster,no2,6.0,µg/m³
1175,1175,London,GB,2019-06-14 03:00:00+00:00,London Westminster,no2,8.0,µg/m³
1176,1176,London,GB,2019-06-14 02:00:00+00:00,London Westminster,no2,8.0,µg/m³
1177,1177,London,GB,2019-06-14 00:00:00+00:00,London Westminster,no2,13.0,µg/m³
1178,1178,London,GB,2019-06-13 23:00:00+00:00,London Westminster,no2,15.0,µg/m³
1179,1179,London,GB,2019-06-13 22:00:00+00:00,London Westminster,no2,15.0,µg/m³
1180,1180,London,GB,2019-06-13 21:00:00+00:00,London Westminster,no2,15.0,µg/m³
1181,1181,London,GB,2019-06-13 20:00:00+00:00,London Westminster,no2,14.0,µg/m³
1182,1182,London,GB,2019-06-13 19:00:00+00:00,London Westminster,no2,13.0,µg/m³
1183,1183,London,GB,2019-06-13 18:00:00+00:00,London Westminster,no2,14.0,µg/m³
1184,1184,London,GB,2019-06-13 17:00:00+00:00,London Westminster,no2,15.0,µg/m³
1185,1185,London,GB,2019-06-13 16:00:00+00:00,London Westminster,no2,11.0,µg/m³
1186,1186,London,GB,2019-06-13 15:00:00+00:00,London Westminster,no2,13.0,µg/m³
1187,1187,London,GB,2019-06-13 14:00:00+00:00,London Westminster,no2,15.0,µg/m³
1188,1188,London,GB,2019-06-13 13:00:00+00:00,London Westminster,no2,16.0,µg/m³
1189,1189,London,GB,2019-06-13 12:00:00+00:00,London Westminster,no2,19.0,µg/m³
1190,1190,London,GB,2019-06-13 11:00:00+00:00,London Westminster,no2,19.0,µg/m³
1191,1191,London,GB,2019-06-13 10:00:00+00:00,London Westminster,no2,18.0,µg/m³
1192,1192,London,GB,2019-06-13 09:00:00+00:00,London Westminster,no2,16.0,µg/m³
1193,1193,London,GB,2019-06-13 08:00:00+00:00,London Westminster,no2,19.0,µg/m³
1194,1194,London,GB,2019-06-13 07:00:00+00:00,London Westminster,no2,21.0,µg/m³
1195,1195,London,GB,2019-06-13 06:00:00+00:00,London Westminster,no2,19.0,µg/m³
1196,1196,London,GB,2019-06-13 05:00:00+00:00,London Westminster,no2,16.0,µg/m³
1197,1197,London,GB,2019-06-13 04:00:00+00:00,London Westminster,no2,16.0,µg/m³
1198,1198,London,GB,2019-06-13 03:00:00+00:00,London Westminster,no2,26.0,µg/m³
1199,1199,London,GB,2019-06-13 02:00:00+00:00,London Westminster,no2,26.0,µg/m³
1200,1200,London,GB,2019-06-13 00:00:00+00:00,London Westminster,no2,29.0,µg/m³
1201,1201,London,GB,2019-06-12 23:00:00+00:00,London Westminster,no2,35.0,µg/m³
1202,1202,London,GB,2019-06-12 21:00:00+00:00,London Westminster,no2,43.0,µg/m³
1203,1203,London,GB,2019-06-12 20:00:00+00:00,London Westminster,no2,41.0,µg/m³
1204,1204,London,GB,2019-06-12 19:00:00+00:00,London Westminster,no2,33.0,µg/m³
1205,1205,London,GB,2019-06-12 18:00:00+00:00,London Westminster,no2,45.0,µg/m³
1206,1206,London,GB,2019-06-12 17:00:00+00:00,London Westminster,no2,43.0,µg/m³
1207,1207,London,GB,2019-06-12 16:00:00+00:00,London Westminster,no2,45.0,µg/m³
1208,1208,London,GB,2019-06-12 15:00:00+00:00,London Westminster,no2,42.0,µg/m³
1209,1209,London,GB,2019-06-12 14:00:00+00:00,London Westminster,no2,35.0,µg/m³
1210,1210,London,GB,2019-06-12 13:00:00+00:00,London Westminster,no2,33.0,µg/m³
1211,1211,London,GB,2019-06-12 12:00:00+00:00,London Westminster,no2,33.0,µg/m³
1212,1212,London,GB,2019-06-12 11:00:00+00:00,London Westminster,no2,35.0,µg/m³
1213,1213,London,GB,2019-06-12 10:00:00+00:00,London Westminster,no2,25.0,µg/m³
1214,1214,London,GB,2019-06-12 09:00:00+00:00,London Westminster,no2,22.0,µg/m³
1215,1215,London,GB,2019-06-12 08:00:00+00:00,London Westminster,no2,20.0,µg/m³
1216,1216,London,GB,2019-06-12 07:00:00+00:00,London Westminster,no2,17.0,µg/m³
1217,1217,London,GB,2019-06-12 06:00:00+00:00,London Westminster,no2,12.0,µg/m³
1218,1218,London,GB,2019-06-12 05:00:00+00:00,London Westminster,no2,9.0,µg/m³
1219,1219,London,GB,2019-06-12 04:00:00+00:00,London Westminster,no2,9.0,µg/m³
1220,1220,London,GB,2019-06-12 03:00:00+00:00,London Westminster,no2,11.0,µg/m³
1221,1221,London,GB,2019-06-12 00:00:00+00:00,London Westminster,no2,15.0,µg/m³
1222,1222,London,GB,2019-06-11 23:00:00+00:00,London Westminster,no2,20.0,µg/m³
1223,1223,London,GB,2019-06-11 22:00:00+00:00,London Westminster,no2,20.0,µg/m³
1224,1224,London,GB,2019-06-11 21:00:00+00:00,London Westminster,no2,22.0,µg/m³
1225,1225,London,GB,2019-06-11 20:00:00+00:00,London Westminster,no2,22.0,µg/m³
1226,1226,London,GB,2019-06-11 19:00:00+00:00,London Westminster,no2,30.0,µg/m³
1227,1227,London,GB,2019-06-11 18:00:00+00:00,London Westminster,no2,31.0,µg/m³
1228,1228,London,GB,2019-06-11 17:00:00+00:00,London Westminster,no2,30.0,µg/m³
1229,1229,London,GB,2019-06-11 16:00:00+00:00,London Westminster,no2,31.0,µg/m³
1230,1230,London,GB,2019-06-11 15:00:00+00:00,London Westminster,no2,31.0,µg/m³
1231,1231,London,GB,2019-06-11 14:00:00+00:00,London Westminster,no2,35.0,µg/m³
1232,1232,London,GB,2019-06-11 13:00:00+00:00,London Westminster,no2,26.0,µg/m³
1233,1233,London,GB,2019-06-11 12:00:00+00:00,London Westminster,no2,23.0,µg/m³
1234,1234,London,GB,2019-06-11 11:00:00+00:00,London Westminster,no2,22.0,µg/m³
1235,1235,London,GB,2019-06-11 10:00:00+00:00,London Westminster,no2,22.0,µg/m³
1236,1236,London,GB,2019-06-11 09:00:00+00:00,London Westminster,no2,23.0,µg/m³
1237,1237,London,GB,2019-06-11 08:00:00+00:00,London Westminster,no2,21.0,µg/m³
1238,1238,London,GB,2019-06-11 07:00:00+00:00,London Westminster,no2,18.0,µg/m³
1239,1239,London,GB,2019-06-11 06:00:00+00:00,London Westminster,no2,17.0,µg/m³
1240,1240,London,GB,2019-06-11 05:00:00+00:00,London Westminster,no2,13.0,µg/m³
1241,1241,London,GB,2019-06-11 04:00:00+00:00,London Westminster,no2,13.0,µg/m³
1242,1242,London,GB,2019-06-11 03:00:00+00:00,London Westminster,no2,16.0,µg/m³
1243,1243,London,GB,2019-06-11 02:00:00+00:00,London Westminster,no2,16.0,µg/m³
1244,1244,London,GB,2019-06-11 01:00:00+00:00,London Westminster,no2,15.0,µg/m³
1245,1245,London,GB,2019-06-11 00:00:00+00:00,London Westminster,no2,15.0,µg/m³
1246,1246,London,GB,2019-06-10 23:00:00+00:00,London Westminster,no2,23.0,µg/m³
1247,1247,London,GB,2019-06-10 22:00:00+00:00,London Westminster,no2,23.0,µg/m³
1248,1248,London,GB,2019-06-10 21:00:00+00:00,London Westminster,no2,24.0,µg/m³
1249,1249,London,GB,2019-06-10 20:00:00+00:00,London Westminster,no2,26.0,µg/m³
1250,1250,London,GB,2019-06-10 19:00:00+00:00,London Westminster,no2,25.0,µg/m³
1251,1251,London,GB,2019-06-10 18:00:00+00:00,London Westminster,no2,26.0,µg/m³
1252,1252,London,GB,2019-06-10 17:00:00+00:00,London Westminster,no2,28.0,µg/m³
1253,1253,London,GB,2019-06-10 16:00:00+00:00,London Westminster,no2,31.0,µg/m³
1254,1254,London,GB,2019-06-10 15:00:00+00:00,London Westminster,no2,40.0,µg/m³
1255,1255,London,GB,2019-06-10 14:00:00+00:00,London Westminster,no2,40.0,µg/m³
1256,1256,London,GB,2019-06-10 13:00:00+00:00,London Westminster,no2,51.0,µg/m³
1257,1257,London,GB,2019-06-10 12:00:00+00:00,London Westminster,no2,45.0,µg/m³
1258,1258,London,GB,2019-06-10 11:00:00+00:00,London Westminster,no2,41.0,µg/m³
1259,1259,London,GB,2019-06-10 10:00:00+00:00,London Westminster,no2,45.0,µg/m³
1260,1260,London,GB,2019-06-10 09:00:00+00:00,London Westminster,no2,34.0,µg/m³
1261,1261,London,GB,2019-06-10 08:00:00+00:00,London Westminster,no2,27.0,µg/m³
1262,1262,London,GB,2019-06-10 07:00:00+00:00,London Westminster,no2,22.0,µg/m³
1263,1263,London,GB,2019-06-10 06:00:00+00:00,London Westminster,no2,24.0,µg/m³
1264,1264,London,GB,2019-06-10 05:00:00+00:00,London Westminster,no2,24.0,µg/m³
1265,1265,London,GB,2019-06-10 04:00:00+00:00,London Westminster,no2,24.0,µg/m³
1266,1266,London,GB,2019-06-10 03:00:00+00:00,London Westminster,no2,25.0,µg/m³
1267,1267,London,GB,2019-06-10 02:00:00+00:00,London Westminster,no2,25.0,µg/m³
1268,1268,London,GB,2019-06-10 01:00:00+00:00,London Westminster,no2,21.0,µg/m³
1269,1269,London,GB,2019-06-10 00:00:00+00:00,London Westminster,no2,21.0,µg/m³
1270,1270,London,GB,2019-06-09 23:00:00+00:00,London Westminster,no2,24.0,µg/m³
1271,1271,London,GB,2019-06-09 21:00:00+00:00,London Westminster,no2,22.0,µg/m³
1272,1272,London,GB,2019-06-09 20:00:00+00:00,London Westminster,no2,21.0,µg/m³
1273,1273,London,GB,2019-06-09 19:00:00+00:00,London Westminster,no2,21.0,µg/m³
1274,1274,London,GB,2019-06-09 18:00:00+00:00,London Westminster,no2,20.0,µg/m³
1275,1275,London,GB,2019-06-09 17:00:00+00:00,London Westminster,no2,26.0,µg/m³
1276,1276,London,GB,2019-06-09 16:00:00+00:00,London Westminster,no2,24.0,µg/m³
1277,1277,London,GB,2019-06-09 15:00:00+00:00,London Westminster,no2,19.0,µg/m³
1278,1278,London,GB,2019-06-09 14:00:00+00:00,London Westminster,no2,17.0,µg/m³
1279,1279,London,GB,2019-06-09 13:00:00+00:00,London Westminster,no2,13.0,µg/m³
1280,1280,London,GB,2019-06-09 12:00:00+00:00,London Westminster,no2,8.0,µg/m³
1281,1281,London,GB,2019-06-09 11:00:00+00:00,London Westminster,no2,5.0,µg/m³
1282,1282,London,GB,2019-06-09 10:00:00+00:00,London Westminster,no2,2.0,µg/m³
1283,1283,London,GB,2019-06-09 09:00:00+00:00,London Westminster,no2,0.0,µg/m³
1284,1284,London,GB,2019-06-09 08:00:00+00:00,London Westminster,no2,0.0,µg/m³
1285,1285,London,GB,2019-06-09 07:00:00+00:00,London Westminster,no2,1.0,µg/m³
1286,1286,London,GB,2019-06-09 06:00:00+00:00,London Westminster,no2,5.0,µg/m³
1287,1287,London,GB,2019-06-09 05:00:00+00:00,London Westminster,no2,1.0,µg/m³
1288,1288,London,GB,2019-06-09 04:00:00+00:00,London Westminster,no2,1.0,µg/m³
1289,1289,London,GB,2019-06-09 03:00:00+00:00,London Westminster,no2,7.0,µg/m³
1290,1290,London,GB,2019-06-09 02:00:00+00:00,London Westminster,no2,7.0,µg/m³
1291,1291,London,GB,2019-06-09 01:00:00+00:00,London Westminster,no2,10.0,µg/m³
1292,1292,London,GB,2019-06-09 00:00:00+00:00,London Westminster,no2,10.0,µg/m³
1293,1293,London,GB,2019-06-08 23:00:00+00:00,London Westminster,no2,20.0,µg/m³
1294,1294,London,GB,2019-06-08 21:00:00+00:00,London Westminster,no2,16.0,µg/m³
1295,1295,London,GB,2019-06-08 20:00:00+00:00,London Westminster,no2,17.0,µg/m³
1296,1296,London,GB,2019-06-08 19:00:00+00:00,London Westminster,no2,19.0,µg/m³
1297,1297,London,GB,2019-06-08 18:00:00+00:00,London Westminster,no2,20.0,µg/m³
1298,1298,London,GB,2019-06-08 17:00:00+00:00,London Westminster,no2,20.0,µg/m³
1299,1299,London,GB,2019-06-08 16:00:00+00:00,London Westminster,no2,19.0,µg/m³
1300,1300,London,GB,2019-06-08 15:00:00+00:00,London Westminster,no2,17.0,µg/m³
1301,1301,London,GB,2019-06-08 14:00:00+00:00,London Westminster,no2,13.0,µg/m³
1302,1302,London,GB,2019-06-08 13:00:00+00:00,London Westminster,no2,10.0,µg/m³
1303,1303,London,GB,2019-06-08 12:00:00+00:00,London Westminster,no2,8.0,µg/m³
1304,1304,London,GB,2019-06-08 11:00:00+00:00,London Westminster,no2,4.0,µg/m³
1305,1305,London,GB,2019-06-08 10:00:00+00:00,London Westminster,no2,3.0,µg/m³
1306,1306,London,GB,2019-06-08 09:00:00+00:00,London Westminster,no2,2.0,µg/m³
1307,1307,London,GB,2019-06-08 08:00:00+00:00,London Westminster,no2,4.0,µg/m³
1308,1308,London,GB,2019-06-08 07:00:00+00:00,London Westminster,no2,3.0,µg/m³
1309,1309,London,GB,2019-06-08 06:00:00+00:00,London Westminster,no2,2.0,µg/m³
1310,1310,London,GB,2019-06-08 05:00:00+00:00,London Westminster,no2,3.0,µg/m³
1311,1311,London,GB,2019-06-08 04:00:00+00:00,London Westminster,no2,3.0,µg/m³
1312,1312,London,GB,2019-06-08 03:00:00+00:00,London Westminster,no2,7.0,µg/m³
1313,1313,London,GB,2019-06-08 02:00:00+00:00,London Westminster,no2,7.0,µg/m³
1314,1314,London,GB,2019-06-08 00:00:00+00:00,London Westminster,no2,28.0,µg/m³
1315,1315,London,GB,2019-06-07 23:00:00+00:00,London Westminster,no2,33.0,µg/m³
1316,1316,London,GB,2019-06-07 21:00:00+00:00,London Westminster,no2,35.0,µg/m³
1317,1317,London,GB,2019-06-07 20:00:00+00:00,London Westminster,no2,36.0,µg/m³
1318,1318,London,GB,2019-06-07 19:00:00+00:00,London Westminster,no2,35.0,µg/m³
1319,1319,London,GB,2019-06-07 18:00:00+00:00,London Westminster,no2,27.0,µg/m³
1320,1320,London,GB,2019-06-07 17:00:00+00:00,London Westminster,no2,24.0,µg/m³
1321,1321,London,GB,2019-06-07 16:00:00+00:00,London Westminster,no2,21.0,µg/m³
1322,1322,London,GB,2019-06-07 15:00:00+00:00,London Westminster,no2,15.0,µg/m³
1323,1323,London,GB,2019-06-07 14:00:00+00:00,London Westminster,no2,15.0,µg/m³
1324,1324,London,GB,2019-06-07 13:00:00+00:00,London Westminster,no2,20.0,µg/m³
1325,1325,London,GB,2019-06-07 12:00:00+00:00,London Westminster,no2,27.0,µg/m³
1326,1326,London,GB,2019-06-07 11:00:00+00:00,London Westminster,no2,25.0,µg/m³
1327,1327,London,GB,2019-06-07 10:00:00+00:00,London Westminster,no2,23.0,µg/m³
1328,1328,London,GB,2019-06-07 09:00:00+00:00,London Westminster,no2,25.0,µg/m³
1329,1329,London,GB,2019-06-07 08:00:00+00:00,London Westminster,no2,24.0,µg/m³
1330,1330,London,GB,2019-06-07 07:00:00+00:00,London Westminster,no2,23.0,µg/m³
1331,1331,London,GB,2019-06-07 06:00:00+00:00,London Westminster,no2,25.0,µg/m³
1332,1332,London,GB,2019-06-07 05:00:00+00:00,London Westminster,no2,23.0,µg/m³
1333,1333,London,GB,2019-06-07 04:00:00+00:00,London Westminster,no2,23.0,µg/m³
1334,1334,London,GB,2019-06-07 03:00:00+00:00,London Westminster,no2,27.0,µg/m³
1335,1335,London,GB,2019-06-07 02:00:00+00:00,London Westminster,no2,27.0,µg/m³
1336,1336,London,GB,2019-06-07 01:00:00+00:00,London Westminster,no2,23.0,µg/m³
1337,1337,London,GB,2019-06-07 00:00:00+00:00,London Westminster,no2,23.0,µg/m³
1338,1338,London,GB,2019-06-06 23:00:00+00:00,London Westminster,no2,21.0,µg/m³
1339,1339,London,GB,2019-06-06 22:00:00+00:00,London Westminster,no2,21.0,µg/m³
1340,1340,London,GB,2019-06-06 21:00:00+00:00,London Westminster,no2,24.0,µg/m³
1341,1341,London,GB,2019-06-06 20:00:00+00:00,London Westminster,no2,22.0,µg/m³
1342,1342,London,GB,2019-06-06 19:00:00+00:00,London Westminster,no2,24.0,µg/m³
1343,1343,London,GB,2019-06-06 18:00:00+00:00,London Westminster,no2,24.0,µg/m³
1344,1344,London,GB,2019-06-06 17:00:00+00:00,London Westminster,no2,24.0,µg/m³
1345,1345,London,GB,2019-06-06 16:00:00+00:00,London Westminster,no2,22.0,µg/m³
1346,1346,London,GB,2019-06-06 15:00:00+00:00,London Westminster,no2,16.0,µg/m³
1347,1347,London,GB,2019-06-06 14:00:00+00:00,London Westminster,no2,11.0,µg/m³
1348,1348,London,GB,2019-06-06 13:00:00+00:00,London Westminster,no2,10.0,µg/m³
1349,1349,London,GB,2019-06-06 12:00:00+00:00,London Westminster,no2,12.0,µg/m³
1350,1350,London,GB,2019-06-06 11:00:00+00:00,London Westminster,no2,7.0,µg/m³
1351,1351,London,GB,2019-06-06 10:00:00+00:00,London Westminster,no2,7.0,µg/m³
1352,1352,London,GB,2019-06-06 09:00:00+00:00,London Westminster,no2,1.0,µg/m³
1353,1353,London,GB,2019-06-06 08:00:00+00:00,London Westminster,no2,0.0,µg/m³
1354,1354,London,GB,2019-06-06 07:00:00+00:00,London Westminster,no2,3.0,µg/m³
1355,1355,London,GB,2019-06-06 06:00:00+00:00,London Westminster,no2,1.0,µg/m³
1356,1356,London,GB,2019-06-06 05:00:00+00:00,London Westminster,no2,0.0,µg/m³
1357,1357,London,GB,2019-06-06 04:00:00+00:00,London Westminster,no2,0.0,µg/m³
1358,1358,London,GB,2019-06-06 03:00:00+00:00,London Westminster,no2,4.0,µg/m³
1359,1359,London,GB,2019-06-06 02:00:00+00:00,London Westminster,no2,4.0,µg/m³
1360,1360,London,GB,2019-06-06 00:00:00+00:00,London Westminster,no2,8.0,µg/m³
1361,1361,London,GB,2019-06-05 23:00:00+00:00,London Westminster,no2,17.0,µg/m³
1362,1362,London,GB,2019-06-05 22:00:00+00:00,London Westminster,no2,17.0,µg/m³
1363,1363,London,GB,2019-06-05 21:00:00+00:00,London Westminster,no2,19.0,µg/m³
1364,1364,London,GB,2019-06-05 20:00:00+00:00,London Westminster,no2,19.0,µg/m³
1365,1365,London,GB,2019-06-05 19:00:00+00:00,London Westminster,no2,19.0,µg/m³
1366,1366,London,GB,2019-06-05 18:00:00+00:00,London Westminster,no2,19.0,µg/m³
1367,1367,London,GB,2019-06-05 17:00:00+00:00,London Westminster,no2,19.0,µg/m³
1368,1368,London,GB,2019-06-05 16:00:00+00:00,London Westminster,no2,19.0,µg/m³
1369,1369,London,GB,2019-06-05 15:00:00+00:00,London Westminster,no2,20.0,µg/m³
1370,1370,London,GB,2019-06-05 14:00:00+00:00,London Westminster,no2,20.0,µg/m³
1371,1371,London,GB,2019-06-05 13:00:00+00:00,London Westminster,no2,14.0,µg/m³
1372,1372,London,GB,2019-06-05 12:00:00+00:00,London Westminster,no2,9.0,µg/m³
1373,1373,London,GB,2019-06-05 11:00:00+00:00,London Westminster,no2,7.0,µg/m³
1374,1374,London,GB,2019-06-05 10:00:00+00:00,London Westminster,no2,5.0,µg/m³
1375,1375,London,GB,2019-06-05 09:00:00+00:00,London Westminster,no2,0.0,µg/m³
1376,1376,London,GB,2019-06-05 08:00:00+00:00,London Westminster,no2,0.0,µg/m³
1377,1377,London,GB,2019-06-05 07:00:00+00:00,London Westminster,no2,1.0,µg/m³
1378,1378,London,GB,2019-06-05 06:00:00+00:00,London Westminster,no2,2.0,µg/m³
1379,1379,London,GB,2019-06-05 05:00:00+00:00,London Westminster,no2,6.0,µg/m³
1380,1380,London,GB,2019-06-05 04:00:00+00:00,London Westminster,no2,6.0,µg/m³
1381,1381,London,GB,2019-06-05 03:00:00+00:00,London Westminster,no2,4.0,µg/m³
1382,1382,London,GB,2019-06-05 02:00:00+00:00,London Westminster,no2,4.0,µg/m³
1383,1383,London,GB,2019-06-05 01:00:00+00:00,London Westminster,no2,13.0,µg/m³
1384,1384,London,GB,2019-06-05 00:00:00+00:00,London Westminster,no2,13.0,µg/m³
1385,1385,London,GB,2019-06-04 23:00:00+00:00,London Westminster,no2,17.0,µg/m³
1386,1386,London,GB,2019-06-04 22:00:00+00:00,London Westminster,no2,17.0,µg/m³
1387,1387,London,GB,2019-06-04 21:00:00+00:00,London Westminster,no2,17.0,µg/m³
1388,1388,London,GB,2019-06-04 20:00:00+00:00,London Westminster,no2,18.0,µg/m³
1389,1389,London,GB,2019-06-04 19:00:00+00:00,London Westminster,no2,20.0,µg/m³
1390,1390,London,GB,2019-06-04 18:00:00+00:00,London Westminster,no2,29.0,µg/m³
1391,1391,London,GB,2019-06-04 17:00:00+00:00,London Westminster,no2,40.0,µg/m³
1392,1392,London,GB,2019-06-04 16:00:00+00:00,London Westminster,no2,38.0,µg/m³
1393,1393,London,GB,2019-06-04 15:00:00+00:00,London Westminster,no2,38.0,µg/m³
1394,1394,London,GB,2019-06-04 14:00:00+00:00,London Westminster,no2,36.0,µg/m³
1395,1395,London,GB,2019-06-04 13:00:00+00:00,London Westminster,no2,37.0,µg/m³
1396,1396,London,GB,2019-06-04 12:00:00+00:00,London Westminster,no2,35.0,µg/m³
1397,1397,London,GB,2019-06-04 11:00:00+00:00,London Westminster,no2,32.0,µg/m³
1398,1398,London,GB,2019-06-04 10:00:00+00:00,London Westminster,no2,31.0,µg/m³
1399,1399,London,GB,2019-06-04 09:00:00+00:00,London Westminster,no2,35.0,µg/m³
1400,1400,London,GB,2019-06-04 08:00:00+00:00,London Westminster,no2,22.0,µg/m³
1401,1401,London,GB,2019-06-04 07:00:00+00:00,London Westminster,no2,18.0,µg/m³
1402,1402,London,GB,2019-06-04 06:00:00+00:00,London Westminster,no2,14.0,µg/m³
1403,1403,London,GB,2019-06-04 05:00:00+00:00,London Westminster,no2,5.0,µg/m³
1404,1404,London,GB,2019-06-04 04:00:00+00:00,London Westminster,no2,5.0,µg/m³
1405,1405,London,GB,2019-06-04 03:00:00+00:00,London Westminster,no2,8.0,µg/m³
1406,1406,London,GB,2019-06-04 02:00:00+00:00,London Westminster,no2,8.0,µg/m³
1407,1407,London,GB,2019-06-04 01:00:00+00:00,London Westminster,no2,12.0,µg/m³
1408,1408,London,GB,2019-06-04 00:00:00+00:00,London Westminster,no2,12.0,µg/m³
1409,1409,London,GB,2019-06-03 23:00:00+00:00,London Westminster,no2,17.0,µg/m³
1410,1410,London,GB,2019-06-03 22:00:00+00:00,London Westminster,no2,17.0,µg/m³
1411,1411,London,GB,2019-06-03 21:00:00+00:00,London Westminster,no2,20.0,µg/m³
1412,1412,London,GB,2019-06-03 20:00:00+00:00,London Westminster,no2,20.0,µg/m³
1413,1413,London,GB,2019-06-03 19:00:00+00:00,London Westminster,no2,23.0,µg/m³
1414,1414,London,GB,2019-06-03 18:00:00+00:00,London Westminster,no2,24.0,µg/m³
1415,1415,London,GB,2019-06-03 17:00:00+00:00,London Westminster,no2,24.0,µg/m³
1416,1416,London,GB,2019-06-03 16:00:00+00:00,London Westminster,no2,22.0,µg/m³
1417,1417,London,GB,2019-06-03 15:00:00+00:00,London Westminster,no2,21.0,µg/m³
1418,1418,London,GB,2019-06-03 14:00:00+00:00,London Westminster,no2,17.0,µg/m³
1419,1419,London,GB,2019-06-03 13:00:00+00:00,London Westminster,no2,15.0,µg/m³
1420,1420,London,GB,2019-06-03 12:00:00+00:00,London Westminster,no2,14.0,µg/m³
1421,1421,London,GB,2019-06-03 11:00:00+00:00,London Westminster,no2,16.0,µg/m³
1422,1422,London,GB,2019-06-03 10:00:00+00:00,London Westminster,no2,11.0,µg/m³
1423,1423,London,GB,2019-06-03 09:00:00+00:00,London Westminster,no2,5.0,µg/m³
1424,1424,London,GB,2019-06-03 08:00:00+00:00,London Westminster,no2,7.0,µg/m³
1425,1425,London,GB,2019-06-03 07:00:00+00:00,London Westminster,no2,6.0,µg/m³
1426,1426,London,GB,2019-06-03 06:00:00+00:00,London Westminster,no2,5.0,µg/m³
1427,1427,London,GB,2019-06-03 05:00:00+00:00,London Westminster,no2,3.0,µg/m³
1428,1428,London,GB,2019-06-03 04:00:00+00:00,London Westminster,no2,3.0,µg/m³
1429,1429,London,GB,2019-06-03 03:00:00+00:00,London Westminster,no2,11.0,µg/m³
1430,1430,London,GB,2019-06-03 02:00:00+00:00,London Westminster,no2,11.0,µg/m³
1431,1431,London,GB,2019-06-03 01:00:00+00:00,London Westminster,no2,21.0,µg/m³
1432,1432,London,GB,2019-06-03 00:00:00+00:00,London Westminster,no2,21.0,µg/m³
1433,1433,London,GB,2019-06-02 23:00:00+00:00,London Westminster,no2,27.0,µg/m³
1434,1434,London,GB,2019-06-02 22:00:00+00:00,London Westminster,no2,27.0,µg/m³
1435,1435,London,GB,2019-06-02 21:00:00+00:00,London Westminster,no2,28.0,µg/m³
1436,1436,London,GB,2019-06-02 20:00:00+00:00,London Westminster,no2,32.0,µg/m³
1437,1437,London,GB,2019-06-02 19:00:00+00:00,London Westminster,no2,34.0,µg/m³
1438,1438,London,GB,2019-06-02 18:00:00+00:00,London Westminster,no2,34.0,µg/m³
1439,1439,London,GB,2019-06-02 17:00:00+00:00,London Westminster,no2,32.0,µg/m³
1440,1440,London,GB,2019-06-02 16:00:00+00:00,London Westminster,no2,32.0,µg/m³
1441,1441,London,GB,2019-06-02 15:00:00+00:00,London Westminster,no2,33.0,µg/m³
1442,1442,London,GB,2019-06-02 14:00:00+00:00,London Westminster,no2,36.0,µg/m³
1443,1443,London,GB,2019-06-02 13:00:00+00:00,London Westminster,no2,34.0,µg/m³
1444,1444,London,GB,2019-06-02 12:00:00+00:00,London Westminster,no2,35.0,µg/m³
1445,1445,London,GB,2019-06-02 11:00:00+00:00,London Westminster,no2,36.0,µg/m³
1446,1446,London,GB,2019-06-02 10:00:00+00:00,London Westminster,no2,35.0,µg/m³
1447,1447,London,GB,2019-06-02 09:00:00+00:00,London Westminster,no2,32.0,µg/m³
1448,1448,London,GB,2019-06-02 08:00:00+00:00,London Westminster,no2,30.0,µg/m³
1449,1449,London,GB,2019-06-02 07:00:00+00:00,London Westminster,no2,32.0,µg/m³
1450,1450,London,GB,2019-06-02 06:00:00+00:00,London Westminster,no2,32.0,µg/m³
1451,1451,London,GB,2019-06-02 05:00:00+00:00,London Westminster,no2,37.0,µg/m³
1452,1452,London,GB,2019-06-02 04:00:00+00:00,London Westminster,no2,37.0,µg/m³
1453,1453,London,GB,2019-06-02 03:00:00+00:00,London Westminster,no2,43.0,µg/m³
1454,1454,London,GB,2019-06-02 02:00:00+00:00,London Westminster,no2,43.0,µg/m³
1455,1455,London,GB,2019-06-02 01:00:00+00:00,London Westminster,no2,44.0,µg/m³
1456,1456,London,GB,2019-06-02 00:00:00+00:00,London Westminster,no2,44.0,µg/m³
1457,1457,London,GB,2019-06-01 23:00:00+00:00,London Westminster,no2,52.0,µg/m³
1458,1458,London,GB,2019-06-01 22:00:00+00:00,London Westminster,no2,52.0,µg/m³
1459,1459,London,GB,2019-06-01 21:00:00+00:00,London Westminster,no2,44.0,µg/m³
1460,1460,London,GB,2019-06-01 20:00:00+00:00,London Westminster,no2,41.0,µg/m³
1461,1461,London,GB,2019-06-01 19:00:00+00:00,London Westminster,no2,38.0,µg/m³
1462,1462,London,GB,2019-06-01 18:00:00+00:00,London Westminster,no2,36.0,µg/m³
1463,1463,London,GB,2019-06-01 17:00:00+00:00,London Westminster,no2,32.0,µg/m³
1464,1464,London,GB,2019-06-01 16:00:00+00:00,London Westminster,no2,31.0,µg/m³
1465,1465,London,GB,2019-06-01 15:00:00+00:00,London Westminster,no2,33.0,µg/m³
1466,1466,London,GB,2019-06-01 14:00:00+00:00,London Westminster,no2,36.0,µg/m³
1467,1467,London,GB,2019-06-01 13:00:00+00:00,London Westminster,no2,33.0,µg/m³
1468,1468,London,GB,2019-06-01 12:00:00+00:00,London Westminster,no2,28.0,µg/m³
1469,1469,London,GB,2019-06-01 11:00:00+00:00,London Westminster,no2,19.0,µg/m³
1470,1470,London,GB,2019-06-01 10:00:00+00:00,London Westminster,no2,12.0,µg/m³
1471,1471,London,GB,2019-06-01 09:00:00+00:00,London Westminster,no2,9.0,µg/m³
1472,1472,London,GB,2019-06-01 08:00:00+00:00,London Westminster,no2,8.0,µg/m³
1473,1473,London,GB,2019-06-01 07:00:00+00:00,London Westminster,no2,2.0,µg/m³
1474,1474,London,GB,2019-06-01 06:00:00+00:00,London Westminster,no2,4.0,µg/m³
1475,1475,London,GB,2019-06-01 05:00:00+00:00,London Westminster,no2,11.0,µg/m³
1476,1476,London,GB,2019-06-01 04:00:00+00:00,London Westminster,no2,11.0,µg/m³
1477,1477,London,GB,2019-06-01 03:00:00+00:00,London Westminster,no2,16.0,µg/m³
1478,1478,London,GB,2019-06-01 02:00:00+00:00,London Westminster,no2,16.0,µg/m³
1479,1479,London,GB,2019-06-01 01:00:00+00:00,London Westminster,no2,22.0,µg/m³
1480,1480,London,GB,2019-06-01 00:00:00+00:00,London Westminster,no2,22.0,µg/m³
1481,1481,London,GB,2019-05-31 23:00:00+00:00,London Westminster,no2,26.0,µg/m³
1482,1482,London,GB,2019-05-31 22:00:00+00:00,London Westminster,no2,26.0,µg/m³
1483,1483,London,GB,2019-05-31 21:00:00+00:00,London Westminster,no2,31.0,µg/m³
1484,1484,London,GB,2019-05-31 20:00:00+00:00,London Westminster,no2,33.0,µg/m³
1485,1485,London,GB,2019-05-31 19:00:00+00:00,London Westminster,no2,33.0,µg/m³
1486,1486,London,GB,2019-05-31 18:00:00+00:00,London Westminster,no2,29.0,µg/m³
1487,1487,London,GB,2019-05-31 17:00:00+00:00,London Westminster,no2,26.0,µg/m³
1488,1488,London,GB,2019-05-31 16:00:00+00:00,London Westminster,no2,26.0,µg/m³
1489,1489,London,GB,2019-05-31 15:00:00+00:00,London Westminster,no2,24.0,µg/m³
1490,1490,London,GB,2019-05-31 14:00:00+00:00,London Westminster,no2,21.0,µg/m³
1491,1491,London,GB,2019-05-31 13:00:00+00:00,London Westminster,no2,21.0,µg/m³
1492,1492,London,GB,2019-05-31 12:00:00+00:00,London Westminster,no2,18.0,µg/m³
1493,1493,London,GB,2019-05-31 11:00:00+00:00,London Westminster,no2,16.0,µg/m³
1494,1494,London,GB,2019-05-31 10:00:00+00:00,London Westminster,no2,15.0,µg/m³
1495,1495,London,GB,2019-05-31 09:00:00+00:00,London Westminster,no2,37.0,µg/m³
1496,1496,London,GB,2019-05-31 08:00:00+00:00,London Westminster,no2,8.0,µg/m³
1497,1497,London,GB,2019-05-31 07:00:00+00:00,London Westminster,no2,9.0,µg/m³
1498,1498,London,GB,2019-05-31 06:00:00+00:00,London Westminster,no2,8.0,µg/m³
1499,1499,London,GB,2019-05-31 05:00:00+00:00,London Westminster,no2,9.0,µg/m³
1500,1500,London,GB,2019-05-31 04:00:00+00:00,London Westminster,no2,9.0,µg/m³
1501,1501,London,GB,2019-05-31 03:00:00+00:00,London Westminster,no2,12.0,µg/m³
1502,1502,London,GB,2019-05-31 02:00:00+00:00,London Westminster,no2,12.0,µg/m³
1503,1503,London,GB,2019-05-31 01:00:00+00:00,London Westminster,no2,18.0,µg/m³
1504,1504,London,GB,2019-05-31 00:00:00+00:00,London Westminster,no2,18.0,µg/m³
1505,1505,London,GB,2019-05-30 23:00:00+00:00,London Westminster,no2,23.0,µg/m³
1506,1506,London,GB,2019-05-30 22:00:00+00:00,London Westminster,no2,23.0,µg/m³
1507,1507,London,GB,2019-05-30 21:00:00+00:00,London Westminster,no2,27.0,µg/m³
1508,1508,London,GB,2019-05-30 20:00:00+00:00,London Westminster,no2,27.0,µg/m³
1509,1509,London,GB,2019-05-30 19:00:00+00:00,London Westminster,no2,28.0,µg/m³
1510,1510,London,GB,2019-05-30 18:00:00+00:00,London Westminster,no2,28.0,µg/m³
1511,1511,London,GB,2019-05-30 17:00:00+00:00,London Westminster,no2,30.0,µg/m³
1512,1512,London,GB,2019-05-30 16:00:00+00:00,London Westminster,no2,27.0,µg/m³
1513,1513,London,GB,2019-05-30 15:00:00+00:00,London Westminster,no2,22.0,µg/m³
1514,1514,London,GB,2019-05-30 14:00:00+00:00,London Westminster,no2,22.0,µg/m³
1515,1515,London,GB,2019-05-30 13:00:00+00:00,London Westminster,no2,20.0,µg/m³
1516,1516,London,GB,2019-05-30 12:00:00+00:00,London Westminster,no2,17.0,µg/m³
1517,1517,London,GB,2019-05-30 11:00:00+00:00,London Westminster,no2,13.0,µg/m³
1518,1518,London,GB,2019-05-30 10:00:00+00:00,London Westminster,no2,9.0,µg/m³
1519,1519,London,GB,2019-05-30 09:00:00+00:00,London Westminster,no2,5.0,µg/m³
1520,1520,London,GB,2019-05-30 08:00:00+00:00,London Westminster,no2,3.0,µg/m³
1521,1521,London,GB,2019-05-30 07:00:00+00:00,London Westminster,no2,2.0,µg/m³
1522,1522,London,GB,2019-05-30 06:00:00+00:00,London Westminster,no2,0.0,µg/m³
1523,1523,London,GB,2019-05-30 05:00:00+00:00,London Westminster,no2,0.0,µg/m³
1524,1524,London,GB,2019-05-30 04:00:00+00:00,London Westminster,no2,0.0,µg/m³
1525,1525,London,GB,2019-05-30 03:00:00+00:00,London Westminster,no2,0.0,µg/m³
1526,1526,London,GB,2019-05-30 02:00:00+00:00,London Westminster,no2,0.0,µg/m³
1527,1527,London,GB,2019-05-30 01:00:00+00:00,London Westminster,no2,1.0,µg/m³
1528,1528,London,GB,2019-05-30 00:00:00+00:00,London Westminster,no2,1.0,µg/m³
1529,1529,London,GB,2019-05-29 23:00:00+00:00,London Westminster,no2,5.0,µg/m³
1530,1530,London,GB,2019-05-29 22:00:00+00:00,London Westminster,no2,5.0,µg/m³
1531,1531,London,GB,2019-05-29 21:00:00+00:00,London Westminster,no2,6.0,µg/m³
1532,1532,London,GB,2019-05-29 20:00:00+00:00,London Westminster,no2,6.0,µg/m³
1533,1533,London,GB,2019-05-29 19:00:00+00:00,London Westminster,no2,5.0,µg/m³
1534,1534,London,GB,2019-05-29 18:00:00+00:00,London Westminster,no2,5.0,µg/m³
1535,1535,London,GB,2019-05-29 17:00:00+00:00,London Westminster,no2,5.0,µg/m³
1536,1536,London,GB,2019-05-29 16:00:00+00:00,London Westminster,no2,3.0,µg/m³
1537,1537,London,GB,2019-05-29 15:00:00+00:00,London Westminster,no2,5.0,µg/m³
1538,1538,London,GB,2019-05-29 14:00:00+00:00,London Westminster,no2,15.0,µg/m³
1539,1539,London,GB,2019-05-29 13:00:00+00:00,London Westminster,no2,13.0,µg/m³
1540,1540,London,GB,2019-05-29 12:00:00+00:00,London Westminster,no2,20.0,µg/m³
1541,1541,London,GB,2019-05-29 11:00:00+00:00,London Westminster,no2,18.0,µg/m³
1542,1542,London,GB,2019-05-29 10:00:00+00:00,London Westminster,no2,18.0,µg/m³
1543,1543,London,GB,2019-05-29 09:00:00+00:00,London Westminster,no2,18.0,µg/m³
1544,1544,London,GB,2019-05-29 08:00:00+00:00,London Westminster,no2,21.0,µg/m³
1545,1545,London,GB,2019-05-29 07:00:00+00:00,London Westminster,no2,22.0,µg/m³
1546,1546,London,GB,2019-05-29 06:00:00+00:00,London Westminster,no2,24.0,µg/m³
1547,1547,London,GB,2019-05-29 05:00:00+00:00,London Westminster,no2,21.0,µg/m³
1548,1548,London,GB,2019-05-29 04:00:00+00:00,London Westminster,no2,21.0,µg/m³
1549,1549,London,GB,2019-05-29 03:00:00+00:00,London Westminster,no2,23.0,µg/m³
1550,1550,London,GB,2019-05-29 02:00:00+00:00,London Westminster,no2,23.0,µg/m³
1551,1551,London,GB,2019-05-29 01:00:00+00:00,London Westminster,no2,26.0,µg/m³
1552,1552,London,GB,2019-05-29 00:00:00+00:00,London Westminster,no2,26.0,µg/m³
1553,1553,London,GB,2019-05-28 23:00:00+00:00,London Westminster,no2,25.0,µg/m³
1554,1554,London,GB,2019-05-28 21:00:00+00:00,London Westminster,no2,31.0,µg/m³
1555,1555,London,GB,2019-05-28 20:00:00+00:00,London Westminster,no2,29.0,µg/m³
1556,1556,London,GB,2019-05-28 19:00:00+00:00,London Westminster,no2,29.0,µg/m³
1557,1557,London,GB,2019-05-28 18:00:00+00:00,London Westminster,no2,29.0,µg/m³
1558,1558,London,GB,2019-05-28 17:00:00+00:00,London Westminster,no2,25.0,µg/m³
1559,1559,London,GB,2019-05-28 16:00:00+00:00,London Westminster,no2,27.0,µg/m³
1560,1560,London,GB,2019-05-28 15:00:00+00:00,London Westminster,no2,30.0,µg/m³
1561,1561,London,GB,2019-05-28 14:00:00+00:00,London Westminster,no2,29.0,µg/m³
1562,1562,London,GB,2019-05-28 13:00:00+00:00,London Westminster,no2,27.0,µg/m³
1563,1563,London,GB,2019-05-28 12:00:00+00:00,London Westminster,no2,28.0,µg/m³
1564,1564,London,GB,2019-05-28 11:00:00+00:00,London Westminster,no2,21.0,µg/m³
1565,1565,London,GB,2019-05-28 10:00:00+00:00,London Westminster,no2,21.0,µg/m³
1566,1566,London,GB,2019-05-28 09:00:00+00:00,London Westminster,no2,20.0,µg/m³
1567,1567,London,GB,2019-05-28 08:00:00+00:00,London Westminster,no2,20.0,µg/m³
1568,1568,London,GB,2019-05-28 07:00:00+00:00,London Westminster,no2,20.0,µg/m³
1569,1569,London,GB,2019-05-28 06:00:00+00:00,London Westminster,no2,19.0,µg/m³
1570,1570,London,GB,2019-05-28 05:00:00+00:00,London Westminster,no2,15.0,µg/m³
1571,1571,London,GB,2019-05-28 04:00:00+00:00,London Westminster,no2,15.0,µg/m³
1572,1572,London,GB,2019-05-28 03:00:00+00:00,London Westminster,no2,16.0,µg/m³
1573,1573,London,GB,2019-05-28 02:00:00+00:00,London Westminster,no2,16.0,µg/m³
1574,1574,London,GB,2019-05-28 01:00:00+00:00,London Westminster,no2,16.0,µg/m³
1575,1575,London,GB,2019-05-28 00:00:00+00:00,London Westminster,no2,16.0,µg/m³
1576,1576,London,GB,2019-05-27 23:00:00+00:00,London Westminster,no2,19.0,µg/m³
1577,1577,London,GB,2019-05-27 22:00:00+00:00,London Westminster,no2,19.0,µg/m³
1578,1578,London,GB,2019-05-27 21:00:00+00:00,London Westminster,no2,20.0,µg/m³
1579,1579,London,GB,2019-05-27 20:00:00+00:00,London Westminster,no2,23.0,µg/m³
1580,1580,London,GB,2019-05-27 19:00:00+00:00,London Westminster,no2,22.0,µg/m³
1581,1581,London,GB,2019-05-27 18:00:00+00:00,London Westminster,no2,22.0,µg/m³
1582,1582,London,GB,2019-05-27 17:00:00+00:00,London Westminster,no2,22.0,µg/m³
1583,1583,London,GB,2019-05-27 16:00:00+00:00,London Westminster,no2,22.0,µg/m³
1584,1584,London,GB,2019-05-27 15:00:00+00:00,London Westminster,no2,22.0,µg/m³
1585,1585,London,GB,2019-05-27 14:00:00+00:00,London Westminster,no2,20.0,µg/m³
1586,1586,London,GB,2019-05-27 13:00:00+00:00,London Westminster,no2,20.0,µg/m³
1587,1587,London,GB,2019-05-27 12:00:00+00:00,London Westminster,no2,17.0,µg/m³
1588,1588,London,GB,2019-05-27 11:00:00+00:00,London Westminster,no2,17.0,µg/m³
1589,1589,London,GB,2019-05-27 10:00:00+00:00,London Westminster,no2,16.0,µg/m³
1590,1590,London,GB,2019-05-27 09:00:00+00:00,London Westminster,no2,18.0,µg/m³
1591,1591,London,GB,2019-05-27 08:00:00+00:00,London Westminster,no2,18.0,µg/m³
1592,1592,London,GB,2019-05-27 07:00:00+00:00,London Westminster,no2,18.0,µg/m³
1593,1593,London,GB,2019-05-27 06:00:00+00:00,London Westminster,no2,18.0,µg/m³
1594,1594,London,GB,2019-05-27 05:00:00+00:00,London Westminster,no2,19.0,µg/m³
1595,1595,London,GB,2019-05-27 04:00:00+00:00,London Westminster,no2,19.0,µg/m³
1596,1596,London,GB,2019-05-27 03:00:00+00:00,London Westminster,no2,24.0,µg/m³
1597,1597,London,GB,2019-05-27 02:00:00+00:00,London Westminster,no2,24.0,µg/m³
1598,1598,London,GB,2019-05-27 01:00:00+00:00,London Westminster,no2,26.0,µg/m³
1599,1599,London,GB,2019-05-27 00:00:00+00:00,London Westminster,no2,26.0,µg/m³
1600,1600,London,GB,2019-05-26 23:00:00+00:00,London Westminster,no2,26.0,µg/m³
1601,1601,London,GB,2019-05-26 22:00:00+00:00,London Westminster,no2,26.0,µg/m³
1602,1602,London,GB,2019-05-26 21:00:00+00:00,London Westminster,no2,27.0,µg/m³
1603,1603,London,GB,2019-05-26 20:00:00+00:00,London Westminster,no2,25.0,µg/m³
1604,1604,London,GB,2019-05-26 19:00:00+00:00,London Westminster,no2,26.0,µg/m³
1605,1605,London,GB,2019-05-26 18:00:00+00:00,London Westminster,no2,28.0,µg/m³
1606,1606,London,GB,2019-05-26 17:00:00+00:00,London Westminster,no2,26.0,µg/m³
1607,1607,London,GB,2019-05-26 16:00:00+00:00,London Westminster,no2,27.0,µg/m³
1608,1608,London,GB,2019-05-26 15:00:00+00:00,London Westminster,no2,26.0,µg/m³
1609,1609,London,GB,2019-05-26 14:00:00+00:00,London Westminster,no2,25.0,µg/m³
1610,1610,London,GB,2019-05-26 13:00:00+00:00,London Westminster,no2,24.0,µg/m³
1611,1611,London,GB,2019-05-26 12:00:00+00:00,London Westminster,no2,21.0,µg/m³
1612,1612,London,GB,2019-05-26 11:00:00+00:00,London Westminster,no2,17.0,µg/m³
1613,1613,London,GB,2019-05-26 10:00:00+00:00,London Westminster,no2,16.0,µg/m³
1614,1614,London,GB,2019-05-26 09:00:00+00:00,London Westminster,no2,15.0,µg/m³
1615,1615,London,GB,2019-05-26 08:00:00+00:00,London Westminster,no2,15.0,µg/m³
1616,1616,London,GB,2019-05-26 07:00:00+00:00,London Westminster,no2,17.0,µg/m³
1617,1617,London,GB,2019-05-26 06:00:00+00:00,London Westminster,no2,17.0,µg/m³
1618,1618,London,GB,2019-05-26 05:00:00+00:00,London Westminster,no2,20.0,µg/m³
1619,1619,London,GB,2019-05-26 04:00:00+00:00,London Westminster,no2,20.0,µg/m³
1620,1620,London,GB,2019-05-26 03:00:00+00:00,London Westminster,no2,26.0,µg/m³
1621,1621,London,GB,2019-05-26 02:00:00+00:00,London Westminster,no2,26.0,µg/m³
1622,1622,London,GB,2019-05-26 01:00:00+00:00,London Westminster,no2,32.0,µg/m³
1623,1623,London,GB,2019-05-26 00:00:00+00:00,London Westminster,no2,32.0,µg/m³
1624,1624,London,GB,2019-05-25 23:00:00+00:00,London Westminster,no2,36.0,µg/m³
1625,1625,London,GB,2019-05-25 22:00:00+00:00,London Westminster,no2,36.0,µg/m³
1626,1626,London,GB,2019-05-25 21:00:00+00:00,London Westminster,no2,41.0,µg/m³
1627,1627,London,GB,2019-05-25 20:00:00+00:00,London Westminster,no2,44.0,µg/m³
1628,1628,London,GB,2019-05-25 19:00:00+00:00,London Westminster,no2,47.0,µg/m³
1629,1629,London,GB,2019-05-25 18:00:00+00:00,London Westminster,no2,47.0,µg/m³
1630,1630,London,GB,2019-05-25 17:00:00+00:00,London Westminster,no2,46.0,µg/m³
1631,1631,London,GB,2019-05-25 16:00:00+00:00,London Westminster,no2,42.0,µg/m³
1632,1632,London,GB,2019-05-25 15:00:00+00:00,London Westminster,no2,37.0,µg/m³
1633,1633,London,GB,2019-05-25 14:00:00+00:00,London Westminster,no2,31.0,µg/m³
1634,1634,London,GB,2019-05-25 13:00:00+00:00,London Westminster,no2,26.0,µg/m³
1635,1635,London,GB,2019-05-25 12:00:00+00:00,London Westminster,no2,24.0,µg/m³
1636,1636,London,GB,2019-05-25 11:00:00+00:00,London Westminster,no2,23.0,µg/m³
1637,1637,London,GB,2019-05-25 10:00:00+00:00,London Westminster,no2,21.0,µg/m³
1638,1638,London,GB,2019-05-25 09:00:00+00:00,London Westminster,no2,23.0,µg/m³
1639,1639,London,GB,2019-05-25 08:00:00+00:00,London Westminster,no2,23.0,µg/m³
1640,1640,London,GB,2019-05-25 07:00:00+00:00,London Westminster,no2,22.0,µg/m³
1641,1641,London,GB,2019-05-25 06:00:00+00:00,London Westminster,no2,22.0,µg/m³
1642,1642,London,GB,2019-05-25 05:00:00+00:00,London Westminster,no2,21.0,µg/m³
1643,1643,London,GB,2019-05-25 04:00:00+00:00,London Westminster,no2,21.0,µg/m³
1644,1644,London,GB,2019-05-25 03:00:00+00:00,London Westminster,no2,25.0,µg/m³
1645,1645,London,GB,2019-05-25 02:00:00+00:00,London Westminster,no2,25.0,µg/m³
1646,1646,London,GB,2019-05-25 01:00:00+00:00,London Westminster,no2,32.0,µg/m³
1647,1647,London,GB,2019-05-25 00:00:00+00:00,London Westminster,no2,32.0,µg/m³
1648,1648,London,GB,2019-05-24 23:00:00+00:00,London Westminster,no2,39.0,µg/m³
1649,1649,London,GB,2019-05-24 22:00:00+00:00,London Westminster,no2,39.0,µg/m³
1650,1650,London,GB,2019-05-24 21:00:00+00:00,London Westminster,no2,38.0,µg/m³
1651,1651,London,GB,2019-05-24 20:00:00+00:00,London Westminster,no2,42.0,µg/m³
1652,1652,London,GB,2019-05-24 19:00:00+00:00,London Westminster,no2,44.0,µg/m³
1653,1653,London,GB,2019-05-24 18:00:00+00:00,London Westminster,no2,46.0,µg/m³
1654,1654,London,GB,2019-05-24 17:00:00+00:00,London Westminster,no2,46.0,µg/m³
1655,1655,London,GB,2019-05-24 16:00:00+00:00,London Westminster,no2,43.0,µg/m³
1656,1656,London,GB,2019-05-24 15:00:00+00:00,London Westminster,no2,40.0,µg/m³
1657,1657,London,GB,2019-05-24 14:00:00+00:00,London Westminster,no2,39.0,µg/m³
1658,1658,London,GB,2019-05-24 13:00:00+00:00,London Westminster,no2,33.0,µg/m³
1659,1659,London,GB,2019-05-24 12:00:00+00:00,London Westminster,no2,29.0,µg/m³
1660,1660,London,GB,2019-05-24 11:00:00+00:00,London Westminster,no2,26.0,µg/m³
1661,1661,London,GB,2019-05-24 10:00:00+00:00,London Westminster,no2,23.0,µg/m³
1662,1662,London,GB,2019-05-24 09:00:00+00:00,London Westminster,no2,24.0,µg/m³
1663,1663,London,GB,2019-05-24 08:00:00+00:00,London Westminster,no2,26.0,µg/m³
1664,1664,London,GB,2019-05-24 07:00:00+00:00,London Westminster,no2,28.0,µg/m³
1665,1665,London,GB,2019-05-24 06:00:00+00:00,London Westminster,no2,29.0,µg/m³
1666,1666,London,GB,2019-05-24 05:00:00+00:00,London Westminster,no2,23.0,µg/m³
1667,1667,London,GB,2019-05-24 04:00:00+00:00,London Westminster,no2,23.0,µg/m³
1668,1668,London,GB,2019-05-24 03:00:00+00:00,London Westminster,no2,31.0,µg/m³
1669,1669,London,GB,2019-05-24 02:00:00+00:00,London Westminster,no2,31.0,µg/m³
1670,1670,London,GB,2019-05-24 00:00:00+00:00,London Westminster,no2,31.0,µg/m³
1671,1671,London,GB,2019-05-23 23:00:00+00:00,London Westminster,no2,39.0,µg/m³
1672,1672,London,GB,2019-05-23 22:00:00+00:00,London Westminster,no2,39.0,µg/m³
1673,1673,London,GB,2019-05-23 21:00:00+00:00,London Westminster,no2,44.0,µg/m³
1674,1674,London,GB,2019-05-23 20:00:00+00:00,London Westminster,no2,45.0,µg/m³
1675,1675,London,GB,2019-05-23 19:00:00+00:00,London Westminster,no2,51.0,µg/m³
1676,1676,London,GB,2019-05-23 18:00:00+00:00,London Westminster,no2,54.0,µg/m³
1677,1677,London,GB,2019-05-23 17:00:00+00:00,London Westminster,no2,60.0,µg/m³
1678,1678,London,GB,2019-05-23 16:00:00+00:00,London Westminster,no2,53.0,µg/m³
1679,1679,London,GB,2019-05-23 15:00:00+00:00,London Westminster,no2,38.0,µg/m³
1680,1680,London,GB,2019-05-23 14:00:00+00:00,London Westminster,no2,34.0,µg/m³
1681,1681,London,GB,2019-05-23 13:00:00+00:00,London Westminster,no2,28.0,µg/m³
1682,1682,London,GB,2019-05-23 12:00:00+00:00,London Westminster,no2,25.0,µg/m³
1683,1683,London,GB,2019-05-23 11:00:00+00:00,London Westminster,no2,24.0,µg/m³
1684,1684,London,GB,2019-05-23 10:00:00+00:00,London Westminster,no2,25.0,µg/m³
1685,1685,London,GB,2019-05-23 09:00:00+00:00,London Westminster,no2,23.0,µg/m³
1686,1686,London,GB,2019-05-23 08:00:00+00:00,London Westminster,no2,25.0,µg/m³
1687,1687,London,GB,2019-05-23 07:00:00+00:00,London Westminster,no2,26.0,µg/m³
1688,1688,London,GB,2019-05-23 06:00:00+00:00,London Westminster,no2,24.0,µg/m³
1689,1689,London,GB,2019-05-23 05:00:00+00:00,London Westminster,no2,19.0,µg/m³
1690,1690,London,GB,2019-05-23 04:00:00+00:00,London Westminster,no2,19.0,µg/m³
1691,1691,London,GB,2019-05-23 03:00:00+00:00,London Westminster,no2,20.0,µg/m³
1692,1692,London,GB,2019-05-23 02:00:00+00:00,London Westminster,no2,20.0,µg/m³
1693,1693,London,GB,2019-05-23 01:00:00+00:00,London Westminster,no2,23.0,µg/m³
1694,1694,London,GB,2019-05-23 00:00:00+00:00,London Westminster,no2,23.0,µg/m³
1695,1695,London,GB,2019-05-22 23:00:00+00:00,London Westminster,no2,32.0,µg/m³
1696,1696,London,GB,2019-05-22 22:00:00+00:00,London Westminster,no2,32.0,µg/m³
1697,1697,London,GB,2019-05-22 21:00:00+00:00,London Westminster,no2,31.0,µg/m³
1698,1698,London,GB,2019-05-22 20:00:00+00:00,London Westminster,no2,33.0,µg/m³
1699,1699,London,GB,2019-05-22 19:00:00+00:00,London Westminster,no2,33.0,µg/m³
1700,1700,London,GB,2019-05-22 18:00:00+00:00,London Westminster,no2,34.0,µg/m³
1701,1701,London,GB,2019-05-22 17:00:00+00:00,London Westminster,no2,34.0,µg/m³
1702,1702,London,GB,2019-05-22 16:00:00+00:00,London Westminster,no2,32.0,µg/m³
1703,1703,London,GB,2019-05-22 15:00:00+00:00,London Westminster,no2,30.0,µg/m³
1704,1704,London,GB,2019-05-22 14:00:00+00:00,London Westminster,no2,28.0,µg/m³
1705,1705,London,GB,2019-05-22 13:00:00+00:00,London Westminster,no2,25.0,µg/m³
1706,1706,London,GB,2019-05-22 12:00:00+00:00,London Westminster,no2,25.0,µg/m³
1707,1707,London,GB,2019-05-22 11:00:00+00:00,London Westminster,no2,28.0,µg/m³
1708,1708,London,GB,2019-05-22 10:00:00+00:00,London Westminster,no2,31.0,µg/m³
1709,1709,London,GB,2019-05-22 09:00:00+00:00,London Westminster,no2,31.0,µg/m³
1710,1710,London,GB,2019-05-22 08:00:00+00:00,London Westminster,no2,31.0,µg/m³
1711,1711,London,GB,2019-05-22 07:00:00+00:00,London Westminster,no2,29.0,µg/m³
1712,1712,London,GB,2019-05-22 06:00:00+00:00,London Westminster,no2,28.0,µg/m³
1713,1713,London,GB,2019-05-22 05:00:00+00:00,London Westminster,no2,21.0,µg/m³
1714,1714,London,GB,2019-05-22 04:00:00+00:00,London Westminster,no2,21.0,µg/m³
1715,1715,London,GB,2019-05-22 03:00:00+00:00,London Westminster,no2,27.0,µg/m³
1716,1716,London,GB,2019-05-22 02:00:00+00:00,London Westminster,no2,27.0,µg/m³
1717,1717,London,GB,2019-05-22 01:00:00+00:00,London Westminster,no2,30.0,µg/m³
1718,1718,London,GB,2019-05-22 00:00:00+00:00,London Westminster,no2,30.0,µg/m³
1719,1719,London,GB,2019-05-21 23:00:00+00:00,London Westminster,no2,33.0,µg/m³
1720,1720,London,GB,2019-05-21 22:00:00+00:00,London Westminster,no2,33.0,µg/m³
1721,1721,London,GB,2019-05-21 21:00:00+00:00,London Westminster,no2,33.0,µg/m³
1722,1722,London,GB,2019-05-21 20:00:00+00:00,London Westminster,no2,38.0,µg/m³
1723,1723,London,GB,2019-05-21 19:00:00+00:00,London Westminster,no2,40.0,µg/m³
1724,1724,London,GB,2019-05-21 18:00:00+00:00,London Westminster,no2,35.0,µg/m³
1725,1725,London,GB,2019-05-21 17:00:00+00:00,London Westminster,no2,37.0,µg/m³
1726,1726,London,GB,2019-05-21 16:00:00+00:00,London Westminster,no2,34.0,µg/m³
1727,1727,London,GB,2019-05-21 15:00:00+00:00,London Westminster,no2,34.0,µg/m³
1728,1728,London,GB,2019-05-21 14:00:00+00:00,London Westminster,no2,33.0,µg/m³
1729,1729,London,GB,2019-05-21 13:00:00+00:00,London Westminster,no2,28.0,µg/m³
1730,1730,London,GB,2019-05-21 12:00:00+00:00,London Westminster,no2,26.0,µg/m³
1731,1731,London,GB,2019-05-21 11:00:00+00:00,London Westminster,no2,26.0,µg/m³
1732,1732,London,GB,2019-05-21 10:00:00+00:00,London Westminster,no2,29.0,µg/m³
1733,1733,London,GB,2019-05-21 09:00:00+00:00,London Westminster,no2,29.0,µg/m³
1734,1734,London,GB,2019-05-21 08:00:00+00:00,London Westminster,no2,28.0,µg/m³
1735,1735,London,GB,2019-05-21 07:00:00+00:00,London Westminster,no2,27.0,µg/m³
1736,1736,London,GB,2019-05-21 06:00:00+00:00,London Westminster,no2,30.0,µg/m³
1737,1737,London,GB,2019-05-21 05:00:00+00:00,London Westminster,no2,23.0,µg/m³
1738,1738,London,GB,2019-05-21 04:00:00+00:00,London Westminster,no2,23.0,µg/m³
1739,1739,London,GB,2019-05-21 03:00:00+00:00,London Westminster,no2,26.0,µg/m³
1740,1740,London,GB,2019-05-21 02:00:00+00:00,London Westminster,no2,26.0,µg/m³
1741,1741,London,GB,2019-05-21 01:00:00+00:00,London Westminster,no2,35.0,µg/m³
1742,1742,London,GB,2019-05-21 00:00:00+00:00,London Westminster,no2,35.0,µg/m³
1743,1743,London,GB,2019-05-20 23:00:00+00:00,London Westminster,no2,47.0,µg/m³
1744,1744,London,GB,2019-05-20 22:00:00+00:00,London Westminster,no2,47.0,µg/m³
1745,1745,London,GB,2019-05-20 21:00:00+00:00,London Westminster,no2,34.0,µg/m³
1746,1746,London,GB,2019-05-20 20:00:00+00:00,London Westminster,no2,32.0,µg/m³
1747,1747,London,GB,2019-05-20 19:00:00+00:00,London Westminster,no2,32.0,µg/m³
1748,1748,London,GB,2019-05-20 18:00:00+00:00,London Westminster,no2,33.0,µg/m³
1749,1749,London,GB,2019-05-20 17:00:00+00:00,London Westminster,no2,30.0,µg/m³
1750,1750,London,GB,2019-05-20 16:00:00+00:00,London Westminster,no2,29.0,µg/m³
1751,1751,London,GB,2019-05-20 15:00:00+00:00,London Westminster,no2,32.0,µg/m³
1752,1752,London,GB,2019-05-20 14:00:00+00:00,London Westminster,no2,32.0,µg/m³
1753,1753,London,GB,2019-05-20 13:00:00+00:00,London Westminster,no2,29.0,µg/m³
1754,1754,London,GB,2019-05-20 12:00:00+00:00,London Westminster,no2,28.0,µg/m³
1755,1755,London,GB,2019-05-20 11:00:00+00:00,London Westminster,no2,28.0,µg/m³
1756,1756,London,GB,2019-05-20 10:00:00+00:00,London Westminster,no2,28.0,µg/m³
1757,1757,London,GB,2019-05-20 09:00:00+00:00,London Westminster,no2,29.0,µg/m³
1758,1758,London,GB,2019-05-20 08:00:00+00:00,London Westminster,no2,29.0,µg/m³
1759,1759,London,GB,2019-05-20 07:00:00+00:00,London Westminster,no2,31.0,µg/m³
1760,1760,London,GB,2019-05-20 06:00:00+00:00,London Westminster,no2,31.0,µg/m³
1761,1761,London,GB,2019-05-20 05:00:00+00:00,London Westminster,no2,26.0,µg/m³
1762,1762,London,GB,2019-05-20 04:00:00+00:00,London Westminster,no2,26.0,µg/m³
1763,1763,London,GB,2019-05-20 03:00:00+00:00,London Westminster,no2,32.0,µg/m³
1764,1764,London,GB,2019-05-20 02:00:00+00:00,London Westminster,no2,32.0,µg/m³
1765,1765,London,GB,2019-05-20 01:00:00+00:00,London Westminster,no2,28.0,µg/m³
1766,1766,London,GB,2019-05-20 00:00:00+00:00,London Westminster,no2,28.0,µg/m³
1767,1767,London,GB,2019-05-19 23:00:00+00:00,London Westminster,no2,32.0,µg/m³
1768,1768,London,GB,2019-05-19 22:00:00+00:00,London Westminster,no2,32.0,µg/m³
1769,1769,London,GB,2019-05-19 21:00:00+00:00,London Westminster,no2,32.0,µg/m³
1770,1770,London,GB,2019-05-19 20:00:00+00:00,London Westminster,no2,32.0,µg/m³
1771,1771,London,GB,2019-05-19 19:00:00+00:00,London Westminster,no2,30.0,µg/m³
1772,1772,London,GB,2019-05-19 18:00:00+00:00,London Westminster,no2,29.0,µg/m³
1773,1773,London,GB,2019-05-19 17:00:00+00:00,London Westminster,no2,27.0,µg/m³
1774,1774,London,GB,2019-05-19 16:00:00+00:00,London Westminster,no2,28.0,µg/m³
1775,1775,London,GB,2019-05-19 15:00:00+00:00,London Westminster,no2,29.0,µg/m³
1776,1776,London,GB,2019-05-19 14:00:00+00:00,London Westminster,no2,31.0,µg/m³
1777,1777,London,GB,2019-05-19 13:00:00+00:00,London Westminster,no2,27.0,µg/m³
1778,1778,London,GB,2019-05-19 12:00:00+00:00,London Westminster,no2,25.0,µg/m³
1779,1779,London,GB,2019-05-19 11:00:00+00:00,London Westminster,no2,28.0,µg/m³
1780,1780,London,GB,2019-05-19 10:00:00+00:00,London Westminster,no2,27.0,µg/m³
1781,1781,London,GB,2019-05-19 09:00:00+00:00,London Westminster,no2,30.0,µg/m³
1782,1782,London,GB,2019-05-19 08:00:00+00:00,London Westminster,no2,33.0,µg/m³
1783,1783,London,GB,2019-05-19 07:00:00+00:00,London Westminster,no2,36.0,µg/m³
1784,1784,London,GB,2019-05-19 06:00:00+00:00,London Westminster,no2,38.0,µg/m³
1785,1785,London,GB,2019-05-19 05:00:00+00:00,London Westminster,no2,49.0,µg/m³
1786,1786,London,GB,2019-05-19 04:00:00+00:00,London Westminster,no2,49.0,µg/m³
1787,1787,London,GB,2019-05-19 03:00:00+00:00,London Westminster,no2,49.0,µg/m³
1788,1788,London,GB,2019-05-19 02:00:00+00:00,London Westminster,no2,49.0,µg/m³
1789,1789,London,GB,2019-05-19 01:00:00+00:00,London Westminster,no2,49.0,µg/m³
1790,1790,London,GB,2019-05-19 00:00:00+00:00,London Westminster,no2,49.0,µg/m³
1791,1791,London,GB,2019-05-18 23:00:00+00:00,London Westminster,no2,46.0,µg/m³
1792,1792,London,GB,2019-05-18 22:00:00+00:00,London Westminster,no2,46.0,µg/m³
1793,1793,London,GB,2019-05-18 21:00:00+00:00,London Westminster,no2,41.0,µg/m³
1794,1794,London,GB,2019-05-18 20:00:00+00:00,London Westminster,no2,35.0,µg/m³
1795,1795,London,GB,2019-05-18 19:00:00+00:00,London Westminster,no2,36.0,µg/m³
1796,1796,London,GB,2019-05-18 18:00:00+00:00,London Westminster,no2,42.0,µg/m³
1797,1797,London,GB,2019-05-18 17:00:00+00:00,London Westminster,no2,42.0,µg/m³
1798,1798,London,GB,2019-05-18 16:00:00+00:00,London Westminster,no2,30.0,µg/m³
1799,1799,London,GB,2019-05-18 15:00:00+00:00,London Westminster,no2,28.0,µg/m³
1800,1800,London,GB,2019-05-18 14:00:00+00:00,London Westminster,no2,27.0,µg/m³
1801,1801,London,GB,2019-05-18 13:00:00+00:00,London Westminster,no2,29.0,µg/m³
1802,1802,London,GB,2019-05-18 12:00:00+00:00,London Westminster,no2,38.0,µg/m³
1803,1803,London,GB,2019-05-18 11:00:00+00:00,London Westminster,no2,34.0,µg/m³
1804,1804,London,GB,2019-05-18 10:00:00+00:00,London Westminster,no2,35.0,µg/m³
1805,1805,London,GB,2019-05-18 09:00:00+00:00,London Westminster,no2,32.0,µg/m³
1806,1806,London,GB,2019-05-18 08:00:00+00:00,London Westminster,no2,35.0,µg/m³
1807,1807,London,GB,2019-05-18 07:00:00+00:00,London Westminster,no2,29.0,µg/m³
1808,1808,London,GB,2019-05-18 06:00:00+00:00,London Westminster,no2,27.0,µg/m³
1809,1809,London,GB,2019-05-18 05:00:00+00:00,London Westminster,no2,29.0,µg/m³
1810,1810,London,GB,2019-05-18 04:00:00+00:00,London Westminster,no2,29.0,µg/m³
1811,1811,London,GB,2019-05-18 03:00:00+00:00,London Westminster,no2,31.0,µg/m³
1812,1812,London,GB,2019-05-18 02:00:00+00:00,London Westminster,no2,31.0,µg/m³
1813,1813,London,GB,2019-05-18 01:00:00+00:00,London Westminster,no2,31.0,µg/m³
1814,1814,London,GB,2019-05-18 00:00:00+00:00,London Westminster,no2,31.0,µg/m³
1815,1815,London,GB,2019-05-17 23:00:00+00:00,London Westminster,no2,35.0,µg/m³
1816,1816,London,GB,2019-05-17 22:00:00+00:00,London Westminster,no2,35.0,µg/m³
1817,1817,London,GB,2019-05-17 21:00:00+00:00,London Westminster,no2,36.0,µg/m³
1818,1818,London,GB,2019-05-17 20:00:00+00:00,London Westminster,no2,36.0,µg/m³
1819,1819,London,GB,2019-05-17 19:00:00+00:00,London Westminster,no2,36.0,µg/m³
1820,1820,London,GB,2019-05-17 18:00:00+00:00,London Westminster,no2,31.0,µg/m³
1821,1821,London,GB,2019-05-17 17:00:00+00:00,London Westminster,no2,29.0,µg/m³
1822,1822,London,GB,2019-05-17 16:00:00+00:00,London Westminster,no2,30.0,µg/m³
1823,1823,London,GB,2019-05-17 15:00:00+00:00,London Westminster,no2,32.0,µg/m³
1824,1824,London,GB,2019-05-17 14:00:00+00:00,London Westminster,no2,31.0,µg/m³
1825,1825,London,GB,2019-05-17 13:00:00+00:00,London Westminster,no2,29.0,µg/m³
1826,1826,London,GB,2019-05-17 12:00:00+00:00,London Westminster,no2,30.0,µg/m³
1827,1827,London,GB,2019-05-17 11:00:00+00:00,London Westminster,no2,30.0,µg/m³
1828,1828,London,GB,2019-05-17 10:00:00+00:00,London Westminster,no2,30.0,µg/m³
1829,1829,London,GB,2019-05-17 09:00:00+00:00,London Westminster,no2,29.0,µg/m³
1830,1830,London,GB,2019-05-17 08:00:00+00:00,London Westminster,no2,27.0,µg/m³
1831,1831,London,GB,2019-05-17 07:00:00+00:00,London Westminster,no2,27.0,µg/m³
1832,1832,London,GB,2019-05-17 06:00:00+00:00,London Westminster,no2,25.0,µg/m³
1833,1833,London,GB,2019-05-17 05:00:00+00:00,London Westminster,no2,21.0,µg/m³
1834,1834,London,GB,2019-05-17 04:00:00+00:00,London Westminster,no2,21.0,µg/m³
1835,1835,London,GB,2019-05-17 03:00:00+00:00,London Westminster,no2,21.0,µg/m³
1836,1836,London,GB,2019-05-17 02:00:00+00:00,London Westminster,no2,21.0,µg/m³
1837,1837,London,GB,2019-05-17 01:00:00+00:00,London Westminster,no2,23.0,µg/m³
1838,1838,London,GB,2019-05-17 00:00:00+00:00,London Westminster,no2,23.0,µg/m³
1839,1839,London,GB,2019-05-16 23:00:00+00:00,London Westminster,no2,25.0,µg/m³
1840,1840,London,GB,2019-05-16 22:00:00+00:00,London Westminster,no2,25.0,µg/m³
1841,1841,London,GB,2019-05-16 21:00:00+00:00,London Westminster,no2,25.0,µg/m³
1842,1842,London,GB,2019-05-16 20:00:00+00:00,London Westminster,no2,26.0,µg/m³
1843,1843,London,GB,2019-05-16 19:00:00+00:00,London Westminster,no2,27.0,µg/m³
1844,1844,London,GB,2019-05-16 18:00:00+00:00,London Westminster,no2,25.0,µg/m³
1845,1845,London,GB,2019-05-16 17:00:00+00:00,London Westminster,no2,30.0,µg/m³
1846,1846,London,GB,2019-05-16 16:00:00+00:00,London Westminster,no2,29.0,µg/m³
1847,1847,London,GB,2019-05-16 15:00:00+00:00,London Westminster,no2,26.0,µg/m³
1848,1848,London,GB,2019-05-16 14:00:00+00:00,London Westminster,no2,27.0,µg/m³
1849,1849,London,GB,2019-05-16 13:00:00+00:00,London Westminster,no2,27.0,µg/m³
1850,1850,London,GB,2019-05-16 12:00:00+00:00,London Westminster,no2,30.0,µg/m³
1851,1851,London,GB,2019-05-16 11:00:00+00:00,London Westminster,no2,33.0,µg/m³
1852,1852,London,GB,2019-05-16 10:00:00+00:00,London Westminster,no2,31.0,µg/m³
1853,1853,London,GB,2019-05-16 09:00:00+00:00,London Westminster,no2,32.0,µg/m³
1854,1854,London,GB,2019-05-16 08:00:00+00:00,London Westminster,no2,33.0,µg/m³
1855,1855,London,GB,2019-05-16 07:00:00+00:00,London Westminster,no2,34.0,µg/m³
1856,1856,London,GB,2019-05-16 06:00:00+00:00,London Westminster,no2,33.0,µg/m³
1857,1857,London,GB,2019-05-16 05:00:00+00:00,London Westminster,no2,26.0,µg/m³
1858,1858,London,GB,2019-05-16 04:00:00+00:00,London Westminster,no2,26.0,µg/m³
1859,1859,London,GB,2019-05-16 03:00:00+00:00,London Westminster,no2,28.0,µg/m³
1860,1860,London,GB,2019-05-16 02:00:00+00:00,London Westminster,no2,28.0,µg/m³
1861,1861,London,GB,2019-05-16 01:00:00+00:00,London Westminster,no2,33.0,µg/m³
1862,1862,London,GB,2019-05-16 00:00:00+00:00,London Westminster,no2,33.0,µg/m³
1863,1863,London,GB,2019-05-15 23:00:00+00:00,London Westminster,no2,33.0,µg/m³
1864,1864,London,GB,2019-05-15 22:00:00+00:00,London Westminster,no2,33.0,µg/m³
1865,1865,London,GB,2019-05-15 21:00:00+00:00,London Westminster,no2,32.0,µg/m³
1866,1866,London,GB,2019-05-15 20:00:00+00:00,London Westminster,no2,31.0,µg/m³
1867,1867,London,GB,2019-05-15 19:00:00+00:00,London Westminster,no2,33.0,µg/m³
1868,1868,London,GB,2019-05-15 18:00:00+00:00,London Westminster,no2,35.0,µg/m³
1869,1869,London,GB,2019-05-15 17:00:00+00:00,London Westminster,no2,33.0,µg/m³
1870,1870,London,GB,2019-05-15 16:00:00+00:00,London Westminster,no2,38.0,µg/m³
1871,1871,London,GB,2019-05-15 15:00:00+00:00,London Westminster,no2,38.0,µg/m³
1872,1872,London,GB,2019-05-15 14:00:00+00:00,London Westminster,no2,30.0,µg/m³
1873,1873,London,GB,2019-05-15 13:00:00+00:00,London Westminster,no2,31.0,µg/m³
1874,1874,London,GB,2019-05-15 12:00:00+00:00,London Westminster,no2,30.0,µg/m³
1875,1875,London,GB,2019-05-15 11:00:00+00:00,London Westminster,no2,35.0,µg/m³
1876,1876,London,GB,2019-05-15 10:00:00+00:00,London Westminster,no2,36.0,µg/m³
1877,1877,London,GB,2019-05-15 09:00:00+00:00,London Westminster,no2,35.0,µg/m³
1878,1878,London,GB,2019-05-15 08:00:00+00:00,London Westminster,no2,34.0,µg/m³
1879,1879,London,GB,2019-05-15 07:00:00+00:00,London Westminster,no2,33.0,µg/m³
1880,1880,London,GB,2019-05-15 06:00:00+00:00,London Westminster,no2,33.0,µg/m³
1881,1881,London,GB,2019-05-15 05:00:00+00:00,London Westminster,no2,25.0,µg/m³
1882,1882,London,GB,2019-05-15 04:00:00+00:00,London Westminster,no2,25.0,µg/m³
1883,1883,London,GB,2019-05-15 03:00:00+00:00,London Westminster,no2,22.0,µg/m³
1884,1884,London,GB,2019-05-15 02:00:00+00:00,London Westminster,no2,22.0,µg/m³
1885,1885,London,GB,2019-05-15 00:00:00+00:00,London Westminster,no2,22.0,µg/m³
1886,1886,London,GB,2019-05-14 23:00:00+00:00,London Westminster,no2,26.0,µg/m³
1887,1887,London,GB,2019-05-14 22:00:00+00:00,London Westminster,no2,26.0,µg/m³
1888,1888,London,GB,2019-05-14 21:00:00+00:00,London Westminster,no2,25.0,µg/m³
1889,1889,London,GB,2019-05-14 20:00:00+00:00,London Westminster,no2,27.0,µg/m³
1890,1890,London,GB,2019-05-14 19:00:00+00:00,London Westminster,no2,28.0,µg/m³
1891,1891,London,GB,2019-05-14 18:00:00+00:00,London Westminster,no2,30.0,µg/m³
1892,1892,London,GB,2019-05-14 17:00:00+00:00,London Westminster,no2,33.0,µg/m³
1893,1893,London,GB,2019-05-14 16:00:00+00:00,London Westminster,no2,32.0,µg/m³
1894,1894,London,GB,2019-05-14 15:00:00+00:00,London Westminster,no2,29.0,µg/m³
1895,1895,London,GB,2019-05-14 14:00:00+00:00,London Westminster,no2,25.0,µg/m³
1896,1896,London,GB,2019-05-14 13:00:00+00:00,London Westminster,no2,25.0,µg/m³
1897,1897,London,GB,2019-05-14 12:00:00+00:00,London Westminster,no2,25.0,µg/m³
1898,1898,London,GB,2019-05-14 11:00:00+00:00,London Westminster,no2,27.0,µg/m³
1899,1899,London,GB,2019-05-14 10:00:00+00:00,London Westminster,no2,31.0,µg/m³
1900,1900,London,GB,2019-05-14 09:00:00+00:00,London Westminster,no2,30.0,µg/m³
1901,1901,London,GB,2019-05-14 08:00:00+00:00,London Westminster,no2,33.0,µg/m³
1902,1902,London,GB,2019-05-14 07:00:00+00:00,London Westminster,no2,34.0,µg/m³
1903,1903,London,GB,2019-05-14 06:00:00+00:00,London Westminster,no2,33.0,µg/m³
1904,1904,London,GB,2019-05-14 05:00:00+00:00,London Westminster,no2,30.0,µg/m³
1905,1905,London,GB,2019-05-14 04:00:00+00:00,London Westminster,no2,30.0,µg/m³
1906,1906,London,GB,2019-05-14 03:00:00+00:00,London Westminster,no2,26.0,µg/m³
1907,1907,London,GB,2019-05-14 02:00:00+00:00,London Westminster,no2,26.0,µg/m³
1908,1908,London,GB,2019-05-14 01:00:00+00:00,London Westminster,no2,23.0,µg/m³
1909,1909,London,GB,2019-05-14 00:00:00+00:00,London Westminster,no2,23.0,µg/m³
1910,1910,London,GB,2019-05-13 23:00:00+00:00,London Westminster,no2,31.0,µg/m³
1911,1911,London,GB,2019-05-13 22:00:00+00:00,London Westminster,no2,31.0,µg/m³
1912,1912,London,GB,2019-05-13 21:00:00+00:00,London Westminster,no2,31.0,µg/m³
1913,1913,London,GB,2019-05-13 20:00:00+00:00,London Westminster,no2,31.0,µg/m³
1914,1914,London,GB,2019-05-13 19:00:00+00:00,London Westminster,no2,31.0,µg/m³
1915,1915,London,GB,2019-05-13 18:00:00+00:00,London Westminster,no2,30.0,µg/m³
1916,1916,London,GB,2019-05-13 17:00:00+00:00,London Westminster,no2,30.0,µg/m³
1917,1917,London,GB,2019-05-13 16:00:00+00:00,London Westminster,no2,29.0,µg/m³
1918,1918,London,GB,2019-05-13 15:00:00+00:00,London Westminster,no2,28.0,µg/m³
1919,1919,London,GB,2019-05-13 14:00:00+00:00,London Westminster,no2,26.0,µg/m³
1920,1920,London,GB,2019-05-13 13:00:00+00:00,London Westminster,no2,25.0,µg/m³
1921,1921,London,GB,2019-05-13 12:00:00+00:00,London Westminster,no2,24.0,µg/m³
1922,1922,London,GB,2019-05-13 11:00:00+00:00,London Westminster,no2,26.0,µg/m³
1923,1923,London,GB,2019-05-13 10:00:00+00:00,London Westminster,no2,27.0,µg/m³
1924,1924,London,GB,2019-05-13 09:00:00+00:00,London Westminster,no2,29.0,µg/m³
1925,1925,London,GB,2019-05-13 08:00:00+00:00,London Westminster,no2,31.0,µg/m³
1926,1926,London,GB,2019-05-13 07:00:00+00:00,London Westminster,no2,39.0,µg/m³
1927,1927,London,GB,2019-05-13 06:00:00+00:00,London Westminster,no2,39.0,µg/m³
1928,1928,London,GB,2019-05-13 05:00:00+00:00,London Westminster,no2,33.0,µg/m³
1929,1929,London,GB,2019-05-13 04:00:00+00:00,London Westminster,no2,33.0,µg/m³
1930,1930,London,GB,2019-05-13 03:00:00+00:00,London Westminster,no2,24.0,µg/m³
1931,1931,London,GB,2019-05-13 02:00:00+00:00,London Westminster,no2,24.0,µg/m³
1932,1932,London,GB,2019-05-13 01:00:00+00:00,London Westminster,no2,22.0,µg/m³
1933,1933,London,GB,2019-05-13 00:00:00+00:00,London Westminster,no2,22.0,µg/m³
1934,1934,London,GB,2019-05-12 23:00:00+00:00,London Westminster,no2,22.0,µg/m³
1935,1935,London,GB,2019-05-12 22:00:00+00:00,London Westminster,no2,22.0,µg/m³
1936,1936,London,GB,2019-05-12 21:00:00+00:00,London Westminster,no2,21.0,µg/m³
1937,1937,London,GB,2019-05-12 20:00:00+00:00,London Westminster,no2,22.0,µg/m³
1938,1938,London,GB,2019-05-12 19:00:00+00:00,London Westminster,no2,22.0,µg/m³
1939,1939,London,GB,2019-05-12 18:00:00+00:00,London Westminster,no2,22.0,µg/m³
1940,1940,London,GB,2019-05-12 17:00:00+00:00,London Westminster,no2,24.0,µg/m³
1941,1941,London,GB,2019-05-12 16:00:00+00:00,London Westminster,no2,23.0,µg/m³
1942,1942,London,GB,2019-05-12 15:00:00+00:00,London Westminster,no2,22.0,µg/m³
1943,1943,London,GB,2019-05-12 14:00:00+00:00,London Westminster,no2,21.0,µg/m³
1944,1944,London,GB,2019-05-12 13:00:00+00:00,London Westminster,no2,19.0,µg/m³
1945,1945,London,GB,2019-05-12 12:00:00+00:00,London Westminster,no2,20.0,µg/m³
1946,1946,London,GB,2019-05-12 11:00:00+00:00,London Westminster,no2,21.0,µg/m³
1947,1947,London,GB,2019-05-12 10:00:00+00:00,London Westminster,no2,26.0,µg/m³
1948,1948,London,GB,2019-05-12 09:00:00+00:00,London Westminster,no2,26.0,µg/m³
1949,1949,London,GB,2019-05-12 08:00:00+00:00,London Westminster,no2,32.0,µg/m³
1950,1950,London,GB,2019-05-12 07:00:00+00:00,London Westminster,no2,44.0,µg/m³
1951,1951,London,GB,2019-05-12 06:00:00+00:00,London Westminster,no2,38.0,µg/m³
1952,1952,London,GB,2019-05-12 05:00:00+00:00,London Westminster,no2,36.0,µg/m³
1953,1953,London,GB,2019-05-12 04:00:00+00:00,London Westminster,no2,36.0,µg/m³
1954,1954,London,GB,2019-05-12 03:00:00+00:00,London Westminster,no2,38.0,µg/m³
1955,1955,London,GB,2019-05-12 02:00:00+00:00,London Westminster,no2,38.0,µg/m³
1956,1956,London,GB,2019-05-12 01:00:00+00:00,London Westminster,no2,35.0,µg/m³
1957,1957,London,GB,2019-05-12 00:00:00+00:00,London Westminster,no2,35.0,µg/m³
1958,1958,London,GB,2019-05-11 23:00:00+00:00,London Westminster,no2,37.0,µg/m³
1959,1959,London,GB,2019-05-11 22:00:00+00:00,London Westminster,no2,37.0,µg/m³
1960,1960,London,GB,2019-05-11 21:00:00+00:00,London Westminster,no2,34.0,µg/m³
1961,1961,London,GB,2019-05-11 20:00:00+00:00,London Westminster,no2,33.0,µg/m³
1962,1962,London,GB,2019-05-11 19:00:00+00:00,London Westminster,no2,33.0,µg/m³
1963,1963,London,GB,2019-05-11 18:00:00+00:00,London Westminster,no2,31.0,µg/m³
1964,1964,London,GB,2019-05-11 17:00:00+00:00,London Westminster,no2,28.0,µg/m³
1965,1965,London,GB,2019-05-11 16:00:00+00:00,London Westminster,no2,26.0,µg/m³
1966,1966,London,GB,2019-05-11 15:00:00+00:00,London Westminster,no2,28.0,µg/m³
1967,1967,London,GB,2019-05-11 09:00:00+00:00,London Westminster,no2,30.0,µg/m³
1968,1968,London,GB,2019-05-11 08:00:00+00:00,London Westminster,no2,27.0,µg/m³
1969,1969,London,GB,2019-05-11 07:00:00+00:00,London Westminster,no2,30.0,µg/m³
1970,1970,London,GB,2019-05-11 06:00:00+00:00,London Westminster,no2,30.0,µg/m³
1971,1971,London,GB,2019-05-11 05:00:00+00:00,London Westminster,no2,35.0,µg/m³
1972,1972,London,GB,2019-05-11 04:00:00+00:00,London Westminster,no2,35.0,µg/m³
1973,1973,London,GB,2019-05-11 03:00:00+00:00,London Westminster,no2,32.0,µg/m³
1974,1974,London,GB,2019-05-11 02:00:00+00:00,London Westminster,no2,32.0,µg/m³
1975,1975,London,GB,2019-05-11 01:00:00+00:00,London Westminster,no2,27.0,µg/m³
1976,1976,London,GB,2019-05-11 00:00:00+00:00,London Westminster,no2,27.0,µg/m³
1977,1977,London,GB,2019-05-10 23:00:00+00:00,London Westminster,no2,31.0,µg/m³
1978,1978,London,GB,2019-05-10 22:00:00+00:00,London Westminster,no2,31.0,µg/m³
1979,1979,London,GB,2019-05-10 21:00:00+00:00,London Westminster,no2,29.0,µg/m³
1980,1980,London,GB,2019-05-10 20:00:00+00:00,London Westminster,no2,29.0,µg/m³
1981,1981,London,GB,2019-05-10 19:00:00+00:00,London Westminster,no2,29.0,µg/m³
1982,1982,London,GB,2019-05-10 18:00:00+00:00,London Westminster,no2,26.0,µg/m³
1983,1983,London,GB,2019-05-10 17:00:00+00:00,London Westminster,no2,26.0,µg/m³
1984,1984,London,GB,2019-05-10 16:00:00+00:00,London Westminster,no2,24.0,µg/m³
1985,1985,London,GB,2019-05-10 15:00:00+00:00,London Westminster,no2,25.0,µg/m³
1986,1986,London,GB,2019-05-10 14:00:00+00:00,London Westminster,no2,25.0,µg/m³
1987,1987,London,GB,2019-05-10 13:00:00+00:00,London Westminster,no2,26.0,µg/m³
1988,1988,London,GB,2019-05-10 12:00:00+00:00,London Westminster,no2,28.0,µg/m³
1989,1989,London,GB,2019-05-10 11:00:00+00:00,London Westminster,no2,29.0,µg/m³
1990,1990,London,GB,2019-05-10 10:00:00+00:00,London Westminster,no2,31.0,µg/m³
1991,1991,London,GB,2019-05-10 09:00:00+00:00,London Westminster,no2,34.0,µg/m³
1992,1992,London,GB,2019-05-10 08:00:00+00:00,London Westminster,no2,39.0,µg/m³
1993,1993,London,GB,2019-05-10 07:00:00+00:00,London Westminster,no2,36.0,µg/m³
1994,1994,London,GB,2019-05-10 06:00:00+00:00,London Westminster,no2,39.0,µg/m³
1995,1995,London,GB,2019-05-10 05:00:00+00:00,London Westminster,no2,40.0,µg/m³
1996,1996,London,GB,2019-05-10 04:00:00+00:00,London Westminster,no2,40.0,µg/m³
1997,1997,London,GB,2019-05-10 03:00:00+00:00,London Westminster,no2,41.0,µg/m³
1998,1998,London,GB,2019-05-10 02:00:00+00:00,London Westminster,no2,41.0,µg/m³
1999,1999,London,GB,2019-05-10 01:00:00+00:00,London Westminster,no2,52.0,µg/m³
2000,2000,London,GB,2019-05-10 00:00:00+00:00,London Westminster,no2,52.0,µg/m³
2001,2001,London,GB,2019-05-09 23:00:00+00:00,London Westminster,no2,59.0,µg/m³
2002,2002,London,GB,2019-05-09 22:00:00+00:00,London Westminster,no2,59.0,µg/m³
2003,2003,London,GB,2019-05-09 21:00:00+00:00,London Westminster,no2,65.0,µg/m³
2004,2004,London,GB,2019-05-09 20:00:00+00:00,London Westminster,no2,59.0,µg/m³
2005,2005,London,GB,2019-05-09 19:00:00+00:00,London Westminster,no2,62.0,µg/m³
2006,2006,London,GB,2019-05-09 18:00:00+00:00,London Westminster,no2,58.0,µg/m³
2007,2007,London,GB,2019-05-09 17:00:00+00:00,London Westminster,no2,60.0,µg/m³
2008,2008,London,GB,2019-05-09 16:00:00+00:00,London Westminster,no2,67.0,µg/m³
2009,2009,London,GB,2019-05-09 15:00:00+00:00,London Westminster,no2,97.0,µg/m³
2010,2010,London,GB,2019-05-09 14:00:00+00:00,London Westminster,no2,34.0,µg/m³
2011,2011,London,GB,2019-05-09 13:00:00+00:00,London Westminster,no2,27.0,µg/m³
2012,2012,London,GB,2019-05-09 12:00:00+00:00,London Westminster,no2,30.0,µg/m³
2013,2013,London,GB,2019-05-09 11:00:00+00:00,London Westminster,no2,27.0,µg/m³
2014,2014,London,GB,2019-05-09 10:00:00+00:00,London Westminster,no2,28.0,µg/m³
2015,2015,London,GB,2019-05-09 09:00:00+00:00,London Westminster,no2,36.0,µg/m³
2016,2016,London,GB,2019-05-09 08:00:00+00:00,London Westminster,no2,35.0,µg/m³
2017,2017,London,GB,2019-05-09 07:00:00+00:00,London Westminster,no2,33.0,µg/m³
2018,2018,London,GB,2019-05-09 06:00:00+00:00,London Westminster,no2,33.0,µg/m³
2019,2019,London,GB,2019-05-09 05:00:00+00:00,London Westminster,no2,33.0,µg/m³
2020,2020,London,GB,2019-05-09 04:00:00+00:00,London Westminster,no2,33.0,µg/m³
2021,2021,London,GB,2019-05-09 03:00:00+00:00,London Westminster,no2,31.0,µg/m³
2022,2022,London,GB,2019-05-09 02:00:00+00:00,London Westminster,no2,31.0,µg/m³
2023,2023,London,GB,2019-05-09 00:00:00+00:00,London Westminster,no2,30.0,µg/m³
2024,2024,London,GB,2019-05-08 23:00:00+00:00,London Westminster,no2,25.0,µg/m³
2025,2025,London,GB,2019-05-08 21:00:00+00:00,London Westminster,no2,26.0,µg/m³
2026,2026,London,GB,2019-05-08 20:00:00+00:00,London Westminster,no2,29.0,µg/m³
2027,2027,London,GB,2019-05-08 19:00:00+00:00,London Westminster,no2,25.0,µg/m³
2028,2028,London,GB,2019-05-08 18:00:00+00:00,London Westminster,no2,40.0,µg/m³
2029,2029,London,GB,2019-05-08 17:00:00+00:00,London Westminster,no2,31.0,µg/m³
2030,2030,London,GB,2019-05-08 16:00:00+00:00,London Westminster,no2,28.0,µg/m³
2031,2031,London,GB,2019-05-08 15:00:00+00:00,London Westminster,no2,27.0,µg/m³
2032,2032,London,GB,2019-05-08 14:00:00+00:00,London Westminster,no2,24.0,µg/m³
2033,2033,London,GB,2019-05-08 13:00:00+00:00,London Westminster,no2,26.0,µg/m³
2034,2034,London,GB,2019-05-08 12:00:00+00:00,London Westminster,no2,26.0,µg/m³
2035,2035,London,GB,2019-05-08 11:00:00+00:00,London Westminster,no2,27.0,µg/m³
2036,2036,London,GB,2019-05-08 10:00:00+00:00,London Westminster,no2,28.0,µg/m³
2037,2037,London,GB,2019-05-08 09:00:00+00:00,London Westminster,no2,33.0,µg/m³
2038,2038,London,GB,2019-05-08 08:00:00+00:00,London Westminster,no2,36.0,µg/m³
2039,2039,London,GB,2019-05-08 07:00:00+00:00,London Westminster,no2,34.0,µg/m³
2040,2040,London,GB,2019-05-08 06:00:00+00:00,London Westminster,no2,29.0,µg/m³
2041,2041,London,GB,2019-05-08 05:00:00+00:00,London Westminster,no2,19.0,µg/m³
2042,2042,London,GB,2019-05-08 04:00:00+00:00,London Westminster,no2,19.0,µg/m³
2043,2043,London,GB,2019-05-08 03:00:00+00:00,London Westminster,no2,20.0,µg/m³
2044,2044,London,GB,2019-05-08 02:00:00+00:00,London Westminster,no2,20.0,µg/m³
2045,2045,London,GB,2019-05-08 01:00:00+00:00,London Westminster,no2,19.0,µg/m³
2046,2046,London,GB,2019-05-08 00:00:00+00:00,London Westminster,no2,19.0,µg/m³
2047,2047,London,GB,2019-05-07 23:00:00+00:00,London Westminster,no2,24.0,µg/m³
2048,2048,London,GB,2019-05-07 21:00:00+00:00,London Westminster,no2,24.0,µg/m³
2049,2049,London,GB,2019-05-07 20:00:00+00:00,London Westminster,no2,24.0,µg/m³
2050,2050,London,GB,2019-05-07 19:00:00+00:00,London Westminster,no2,20.0,µg/m³
2051,2051,London,GB,2019-05-07 18:00:00+00:00,London Westminster,no2,20.0,µg/m³
2052,2052,London,GB,2019-05-07 17:00:00+00:00,London Westminster,no2,21.0,µg/m³
2053,2053,London,GB,2019-05-07 16:00:00+00:00,London Westminster,no2,20.0,µg/m³
2054,2054,London,GB,2019-05-07 15:00:00+00:00,London Westminster,no2,20.0,µg/m³
2055,2055,London,GB,2019-05-07 14:00:00+00:00,London Westminster,no2,18.0,µg/m³
2056,2056,London,GB,2019-05-07 13:00:00+00:00,London Westminster,no2,20.0,µg/m³
2057,2057,London,GB,2019-05-07 12:00:00+00:00,London Westminster,no2,18.0,µg/m³
2058,2058,London,GB,2019-05-07 11:00:00+00:00,London Westminster,no2,21.0,µg/m³
2059,2059,London,GB,2019-05-07 10:00:00+00:00,London Westminster,no2,21.0,µg/m³
2060,2060,London,GB,2019-05-07 09:00:00+00:00,London Westminster,no2,28.0,µg/m³
2061,2061,London,GB,2019-05-07 08:00:00+00:00,London Westminster,no2,32.0,µg/m³
2062,2062,London,GB,2019-05-07 07:00:00+00:00,London Westminster,no2,32.0,µg/m³
2063,2063,London,GB,2019-05-07 06:00:00+00:00,London Westminster,no2,26.0,µg/m³
2064,2064,London,GB,2019-05-07 04:00:00+00:00,London Westminster,no2,16.0,µg/m³
2065,2065,London,GB,2019-05-07 03:00:00+00:00,London Westminster,no2,19.0,µg/m³
2066,2066,London,GB,2019-05-07 02:00:00+00:00,London Westminster,no2,19.0,µg/m³
2067,2067,London,GB,2019-05-07 01:00:00+00:00,London Westminster,no2,23.0,µg/m³
